trade_date,close,pre_close,pct_chg,vol,amount,datetime
20240102,3026.481,3053.4926,-0.8846,58805169.16,80213979.341,2024-01-02
20240103,3023.0862,3026.481,-0.1122,52980003.86,69443955.026,2024-01-03
20240104,2985.6451,3023.0862,-1.2385,50346358.3,65636916.402,2024-01-04
20240105,2946.606,2985.6451,-1.3076,60000208.79,76393440.702,2024-01-05
20240108,2902.0694,2946.606,-1.5115,54906343.73,66859544.539,2024-01-08
20240109,2918.9532,2902.0694,0.5818,56628382.96,78479956.535,2024-01-09
20240110,2919.4461,2918.9532,0.0169,50660980.49,73029656.498,2024-01-10
20240111,2958.5736,2919.4461,1.3402,55768523.55,83639799.415,2024-01-11
20240112,2963.5875,2958.5736,0.1695,56225362.39,83731855.873,2024-01-12
20240115,2944.623,2963.5875,-0.6399,54043232.98,71024268.802,2024-01-15
20240116,2966.1311,2944.623,0.7304,58230477.64,79934844.851,2024-01-16
20240117,2890.3362,2966.1311,-2.5553,51526445.98,67652244.741,2024-01-17
20240118,2920.4838,2890.3362,1.043,84138027.26,108344696.925,2024-01-18
20240119,2888.244,2920.4838,-1.1039,55387100.6,80322317.819,2024-01-19
20240122,2800.4537,2888.244,-3.0396,72021915.62,93704693.78,2024-01-22
20240123,2823.248,2800.4537,0.814,60846706.21,82644379.487,2024-01-23
20240124,2859.1953,2823.248,1.2733,78513119.16,90301434.743,2024-01-24
20240125,2935.973,2859.1953,2.6853,101302945.27,109576821.292,2024-01-25
20240126,2911.5418,2935.973,-0.8321,87197901.77,93571840.714,2024-01-26
20240129,2847.8417,2911.5418,-2.1878,100310390.16,105664218.917,2024-01-29
20240130,2783.0149,2847.8417,-2.2763,76581863.88,83918312.12,2024-01-30
20240131,2746.1912,2783.0149,-1.3232,82126732.78,93642062.609,2024-01-31
20240201,2733.6255,2746.1912,-0.4576,76791079.43,84264405.377,2024-02-01
20240202,2677.4489,2733.6255,-2.055,92695873.63,96258839.571,2024-02-02
20240205,2642.353,2677.4489,-1.3108,106823097.75,108111322.731,2024-02-05
20240206,2785.6874,2642.353,5.4245,106131397.66,110669968.617,2024-02-06
20240207,2868.4552,2785.6874,2.9712,121335661.74,129956918.967,2024-02-07
20240208,2907.6058,2868.4552,1.3649,115277203.96,125382619.081,2024-02-08
20240219,2910.35,2907.6058,0.0944,93654824.89,102035934.98,2024-02-19
20240220,2909.2728,2910.35,-0.037,66621867.62,76416838.28,2024-02-20
20240221,2931.9496,2909.2728,0.7795,92160433.76,103796901.876,2024-02-21
20240222,2950.0941,2931.9496,0.6189,65081137.17,77113696.153,2024-02-22
20240223,2961.0358,2950.0941,0.3709,74420861.33,90519626.139,2024-02-23
20240226,2957.3064,2961.0358,-0.1259,90124590.09,105894604.96,2024-02-26
20240227,2996.284,2957.3064,1.318,76191729.19,95756474.316,2024-02-27
20240228,2937.7952,2996.284,-1.952,107998448.43,135542334.283,2024-02-28
20240229,3025.2178,2937.7952,2.9758,86976040.68,111428946.061,2024-02-29
20240301,3037.8693,3025.2178,0.4182,80692180.38,105130406.404,2024-03-01
20240304,3045.5269,3037.8693,0.2521,80041507.1,105051965.421,2024-03-04
20240305,3042.9717,3045.5269,-0.0839,79941587.06,104798888.272,2024-03-05
20240306,3060.2678,3042.9717,0.5684,77199261.73,102530719.735,2024-03-06
20240307,3017.2902,3060.2678,-1.4044,74889300.59,94406498.306,2024-03-07
20240308,3048.6476,3017.2902,1.0393,67676189.09,90427690.151,2024-03-08
20240311,3139.2438,3048.6476,2.9717,85518335.85,134899360.433,2024-03-11
20240312,3137.6778,3139.2438,-0.0499,92634599.5,139547050.521,2024-03-12
20240313,3122.6451,3137.6778,-0.4791,76643265.82,108234596.462,2024-03-13
20240314,3109.9537,3122.6451,-0.4064,78922118.83,102039561.508,2024-03-14
20240315,3112.5283,3109.9537,0.0828,70498780.35,93445109.996,2024-03-15
20240318,3175.0166,3112.5283,2.0076,89732372.66,121156998.8,2024-03-18
20240319,3135.4345,3175.0166,-1.2467,78817865.1,106431589.149,2024-03-19
20240320,3147.2015,3135.4345,0.3753,66303681.38,88296453.722,2024-03-20
20240321,3126.9261,3147.2015,-0.6442,67481685.6,90980673.649,2024-03-21
20240322,3077.9827,3126.9261,-1.5652,74927697.52,95599912.237,2024-03-22
20240325,3049.6809,3077.9827,-0.9195,70982375.96,90593421.51,2024-03-25
20240326,3079.1594,3049.6809,0.9666,66405075.67,90955977.76,2024-03-26
20240327,3007.0338,3079.1594,-2.3424,65534936.85,87331717.915,2024-03-27
20240328,3040.8644,3007.0338,1.125,67394803.2,88650168.732,2024-03-28
20240329,3074.8502,3040.8644,1.1176,68430911.64,84780789.485,2024-03-29
20240401,3144.8449,3074.8502,2.2764,85871209.85,111875365.363,2024-04-01
20240402,3146.7484,3144.8449,0.0605,79985861.8,107176869.837,2024-04-02
20240403,3127.7054,3146.7484,-0.6052,77205665.17,99151280.321,2024-04-03
20240408,3086.6158,3127.7054,-1.3137,81107731.04,99957089.019,2024-04-08
20240409,3102.9011,3086.6158,0.5276,69191096.2,93306702.11,2024-04-09
20240410,3071.2018,3102.9011,-1.0216,70378636.63,91162999.78,2024-04-10
20240411,3090.8789,3071.2018,0.6407,77409880.09,97116517.013,2024-04-11
20240412,3051.5987,3090.8789,-1.2708,74177767.54,91736578.73,2024-04-12
20240415,3123.6478,3051.5987,2.361,118412332.43,131786947.41,2024-04-15
20240416,3053.671,3123.6478,-2.2402,113097418.52,124866210.111,2024-04-16
20240417,3132.9274,3053.671,2.5954,104180754.73,116190728.511,2024-04-17
20240418,3125.1474,3132.9274,-0.2483,100363939.99,118176428.444,2024-04-18
20240419,3102.7239,3125.1474,-0.7175,99570384.32,116096582.789,2024-04-19
20240422,3082.2015,3102.7239,-0.6614,93122050.14,110329244.362,2024-04-22
20240423,3041.4142,3082.2015,-1.3233,84965003.54,99790020.96,2024-04-23
20240424,3057.2194,3041.4142,0.5197,74236235.09,92781978.562,2024-04-24
20240425,3058.6957,3057.2194,0.0483,73360948.2,91682123.58,2024-04-25
20240426,3101.7637,3058.6957,1.4081,99085514.34,120774403.635,2024-04-26
20240429,3160.7604,3101.7637,1.902,119980657.51,155765682.842,2024-04-29
20240430,3117.5732,3160.7604,-1.3664,111269215.73,128886410.262,2024-04-30
20240506,3179.7889,3117.5732,1.9956,107256884.27,131283175.021,2024-05-06
20240507,3187.4466,3179.7889,0.2408,86178253.71,107308659.278,2024-05-07
20240508,3146.856,3187.4466,-1.2735,70993849.48,87318781.606,2024-05-08
20240509,3231.6505,3146.856,2.6946,99851021.49,132931029.706,2024-05-09
20240510,3211.9053,3231.6505,-0.611,88715302.87,112033786.848,2024-05-10
20240513,3213.0499,3211.9053,0.0356,99646264.78,119128585.895,2024-05-13
20240514,3198.1024,3213.0499,-0.4652,76056810.43,91295947.913,2024-05-14
20240515,3170.7929,3198.1024,-0.8539,66358496.49,83376499.434,2024-05-15
20240516,3160.0826,3170.7929,-0.3378,77751350.74,92876206.423,2024-05-16
20240517,3192.9653,3160.0826,1.0406,85363271.16,105458088.242,2024-05-17
20240520,3197.9233,3192.9653,0.1553,90280370.06,112601088.91,2024-05-20
20240521,3175.3675,3197.9233,-0.7053,67297467.03,82924792.592,2024-05-21
20240522,3206.6557,3175.3675,0.9853,87587807.35,117781519.059,2024-05-22
20240523,3157.1392,3206.6557,-1.5442,86972998.5,107388900.275,2024-05-23
20240524,3129.718,3157.1392,-0.8685,73449961.13,89196014.197,2024-05-24
20240527,3157.0744,3129.718,0.8741,78266567.98,93435994.204,2024-05-27
20240528,3126.2621,3157.0744,-0.976,69994012.42,82617691.319,2024-05-28
20240529,3138.2316,3126.2621,0.3829,69886046.27,91002059.01,2024-05-29
20240530,3135.1084,3138.2316,-0.0995,69168914.47,87398412.806,2024-05-30
20240531,3120.5365,3135.1084,-0.4648,64637685.22,80932103.415,2024-05-31
20240603,3118.4719,3120.5365,-0.0662,79495286.29,92156019.41,2024-06-03
20240604,3167.5789,3118.4719,1.5747,74543357.99,93644043.099,2024-06-04
20240605,3141.2458,3167.5789,-0.8313,67966849.38,88390311.742,2024-06-05
20240606,3114.4076,3141.2458,-0.8544,83667161.28,101180829.072,2024-06-06
20240607,3093.8263,3114.4076,-0.6608,71983597.73,94731281.596,2024-06-07
20240611,3066.3111,3093.8263,-0.8894,74633188.32,91708355.307,2024-06-11
20240612,3063.1913,3066.3111,-0.1017,65522295.89,78861497.681,2024-06-12
20240613,3049.4263,3063.1913,-0.4494,70333708.12,83446407.365,2024-06-13
20240614,3041.743,3049.4263,-0.252,81177460.44,104712068.807,2024-06-14
20240617,3053.2437,3041.743,0.3781,75926166.59,103441690.084,2024-06-17
20240618,3080.5289,3053.2437,0.8936,71619795.28,89539224.919,2024-06-18
20240619,3037.1183,3080.5289,-1.4092,57506639.46,76187256.265,2024-06-19
20240620,2995.7346,3037.1183,-1.3626,64155533.49,77630882.178,2024-06-20
20240621,2992.565,2995.7346,-0.1058,61204790.82,71217763.032,2024-06-21
20240624,2948.1505,2992.565,-1.4842,65993068.62,78001668.68,2024-06-24
20240625,2927.6093,2948.1505,-0.6967,59777045.1,75363175.162,2024-06-25
20240626,2951.5851,2927.6093,0.819,56975266.89,69005293.749,2024-06-26
20240627,2907.7654,2951.5851,-1.4846,55484666.39,65341892.052,2024-06-27
20240628,2934.3866,2907.7654,0.9155,69584572.51,87559037.511,2024-06-28
20240701,2942.5582,2934.3866,0.2785,61289551.07,80303710.635,2024-07-01
20240702,2905.2847,2942.5582,-1.2667,64011738.09,78979780.762,2024-07-02
20240703,2886.3458,2905.2847,-0.6519,53343776.58,67560664.286,2024-07-03
20240704,2860.4472,2886.3458,-0.8973,54428500.47,64866407.537,2024-07-04
20240705,2861.4813,2860.4472,0.0362,52940219.03,65594120.04,2024-07-05
20240708,2813.7439,2861.4813,-1.6683,59245853.72,70711544.869,2024-07-08
20240709,2844.0172,2813.7439,1.0759,68836926.58,85000032.3,2024-07-09
20240710,2823.6527,2844.0172,-0.716,62255603.84,79906142.741,2024-07-10
20240711,2881.8904,2823.6527,2.0625,73263721.1,91460629.959,2024-07-11
20240712,2877.0878,2881.8904,-0.1666,61933685.99,83915205.036,2024-07-12
20240715,2858.4707,2877.0878,-0.6471,54493258.5,71667114.32,2024-07-15
20240716,2874.0009,2858.4707,0.5433,56222166.5,76400229.893,2024-07-16
20240717,2866.1582,2874.0009,-0.2729,60657397.78,80397561.564,2024-07-17
20240718,2907.0802,2866.1582,1.4278,60368633.06,84299372.343,2024-07-18
20240719,2923.4737,2907.0802,0.5639,59134071.84,80816723.128,2024-07-19
20240722,2920.7947,2923.4737,-0.0916,62241548.41,81609879.688,2024-07-22
20240723,2858.0597,2920.7947,-2.1479,62086958.09,74769902.805,2024-07-23
20240724,2845.6863,2858.0597,-0.4329,64697994.82,77011165.83,2024-07-24
20240725,2851.5333,2845.6863,0.2055,63666339.51,79150050.898,2024-07-25
20240726,2889.9704,2851.5333,1.3479,66519249.98,84214842.633,2024-07-26
20240729,2864.0906,2889.9704,-0.8955,67635962.63,80994903.442,2024-07-29
20240730,2858.2578,2864.0906,-0.2037,58835027.72,67305409.18,2024-07-30
20240731,2922.8513,2858.2578,2.2599,88401765.93,102425787.365,2024-07-31
20240801,2908.3027,2922.8513,-0.4978,77627716.9,90163839.913,2024-08-01
20240802,2874.1457,2908.3027,-1.1745,62421929.69,72963389.15,2024-08-02
20240805,2826.8704,2874.1457,-1.6448,75554654.28,87045768.643,2024-08-05
20240806,2858.1836,2826.8704,1.1077,67952154.92,79723230.231,2024-08-06
20240807,2860.8149,2858.1836,0.0921,57284933.11,71310820.818,2024-08-07
20240808,2839.6406,2860.8149,-0.7401,56145711.94,68726002.095,2024-08-08
20240809,2814.6337,2839.6406,-0.8806,47822384.13,55545799.322,2024-08-09
20240812,2802.7726,2814.6337,-0.4214,44012369.16,51949524.157,2024-08-12
20240813,2823.2044,2802.7726,0.729,44686955.55,55130753.95,2024-08-13
20240814,2785.7783,2823.2044,-1.3257,41869246.96,47775670.433,2024-08-14
20240815,2813.278,2785.7783,0.9871,53203701.76,60618722.314,2024-08-15
20240816,2791.9801,2813.278,-0.757,49068457.13,57111144.163,2024-08-16
20240819,2798.991,2791.9801,0.2511,49896879.42,57104397.511,2024-08-19
20240820,2764.2784,2798.991,-1.2402,48654905.84,54214994.426,2024-08-20
20240821,2752.8036,2764.2784,-0.4151,42034963.25,50277950.242,2024-08-21
20240822,2746.3254,2752.8036,-0.2353,47326300.93,58584889.831,2024-08-22
20240823,2752.8567,2746.3254,0.2378,44427128.37,53507024.73,2024-08-23
20240826,2760.7483,2752.8567,0.2867,52822370.91,64587424.04,2024-08-26
20240827,2730.709,2760.7483,-1.0881,51304951.85,60712882.813,2024-08-27
20240828,2726.3508,2730.709,-0.1596,49394277.42,58069498.481,2024-08-28
20240829,2745.4952,2726.3508,0.7022,73433728.08,85162657.883,2024-08-29
20240830,2784.3348,2745.4952,1.4147,91382666.0,108168629.666,2024-08-30
20240902,2727.9669,2784.3348,-2.0245,81021247.03,89064849.498,2024-09-02
20240903,2760.7041,2727.9669,1.2001,62644975.91,75822051.585,2024-09-03
20240904,2761.0708,2760.7041,0.0133,60342603.12,74890411.335,2024-09-04
20240905,2764.6231,2761.0708,0.1287,52429695.62,65361257.525,2024-09-05
20240906,2731.1166,2764.6231,-1.212,48490176.82,59393381.488,2024-09-06
20240909,2702.696,2731.1166,-1.0406,53212779.11,61881323.925,2024-09-09
20240910,2696.1465,2702.696,-0.2423,52467784.58,62055119.476,2024-09-10
20240911,2716.865,2696.1465,0.7684,53965070.07,69958458.127,2024-09-11
20240912,2717.8108,2716.865,0.0348,53341430.59,67483905.521,2024-09-12
20240913,2682.6294,2717.8108,-1.2945,49841939.2,60985315.484,2024-09-13
20240918,2697.6141,2682.6294,0.5586,50438650.67,57845722.157,2024-09-18
20240919,2717.2468,2697.6141,0.7278,70411324.4,79963111.579,2024-09-19
20240920,2699.1539,2717.2468,-0.6659,61849703.77,70948700.801,2024-09-20
20240923,2700.8079,2699.1539,0.0613,52502343.08,65191532.774,2024-09-23
20240924,2804.1046,2700.8079,3.8247,99917439.75,114031627.695,2024-09-24
20240925,2848.1864,2804.1046,1.572,118851977.46,136169137.974,2024-09-25
20240926,2940.7019,2848.1864,3.2482,113145843.25,130487009.517,2024-09-26
20240927,3097.6392,2940.7019,5.3367,122989834.5,169106500.306,2024-09-27
20240930,3403.3937,3097.6392,9.8706,245281412.55,322541907.186,2024-09-30
20241008,3677.3889,3403.3937,8.0506,304980471.12,459158457.289,2024-10-08
20241009,3347.077,3677.3889,-8.9822,223971341.58,347024691.606,2024-10-09
20241010,3389.9422,3347.077,1.2807,198947715.33,260969910.314,2024-10-10
20241011,3244.8067,3389.9422,-4.2814,143275793.72,187626117.82,2024-10-11
20241014,3325.8269,3244.8067,2.4969,143778781.66,198625999.391,2024-10-14
20241015,3244.3162,3325.8269,-2.4508,129476722.48,184365313.458,2024-10-15
20241016,3213.3389,3244.3162,-0.9548,109323509.48,153370123.041,2024-10-16
20241017,3175.9877,3213.3389,-1.1624,109814270.56,152706270.974,2024-10-17
20241018,3301.3973,3175.9877,3.9487,148568350.48,228905757.894,2024-10-18
20241021,3347.9083,3301.3973,1.4088,151678969.32,245550360.286,2024-10-21
20241022,3375.0735,3347.9083,0.8114,127524689.53,209623581.843,2024-10-22
20241023,3425.3647,3375.0735,1.4901,171442125.71,270236495.214,2024-10-23
20241024,3358.9459,3425.3647,-1.939,117371711.25,183169180.596,2024-10-24
20241025,3444.4891,3358.9459,2.5467,141382189.13,241239061.118,2024-10-25
20241028,3463.535,3444.4891,0.5529,155870592.14,230877023.456,2024-10-28
20241029,3411.5747,3463.535,-1.5002,148782576.57,226785418.412,2024-10-29
20241030,3408.6211,3411.5747,-0.0866,143396646.62,207845556.877,2024-10-30
20241031,3431.9589,3408.6211,0.6847,167952929.82,245885981.708,2024-10-31
20241101,3401.9773,3431.9589,-0.8736,181220050.0,240105056.525,2024-11-01
20241104,3459.0431,3401.9773,1.6774,140832607.55,190483978.521,2024-11-04
20241105,3565.9672,3459.0431,3.0911,177830463.83,268080368.385,2024-11-05
20241106,3569.2741,3565.9672,0.0927,193084709.83,296270271.814,2024-11-06
20241107,3609.5244,3569.2741,1.1277,207625908.22,287302471.519,2024-11-07
20241108,3602.7811,3609.5244,-0.1868,198743712.58,299435468.775,2024-11-08
20241111,3661.7102,3602.7811,1.6357,178696711.27,292324318.741,2024-11-11
20241112,3612.7545,3661.7102,-1.337,175313905.12,296505606.938,2024-11-12
20241113,3638.8246,3612.7545,0.7216,137187265.64,221673375.929,2024-11-13
20241114,3542.397,3638.8246,-2.65,123311988.58,199863911.083,2024-11-14
20241115,3461.0161,3542.397,-2.2973,131635292.34,198120613.681,2024-11-15
20241118,3441.0721,3461.0161,-0.5762,170963038.87,211558969.016,2024-11-18
20241119,3489.4529,3441.0721,1.406,144406371.83,189662045.087,2024-11-19
20241120,3501.4632,3489.4529,0.3442,119748750.04,170676592.869,2024-11-20
20241121,3500.9709,3501.4632,-0.0141,108909056.24,158241730.791,2024-11-21
20241122,3384.3313,3500.9709,-3.3316,126275081.5,172342138.905,2024-11-22
20241125,3388.9898,3384.3313,0.1376,110219533.13,154227519.338,2024-11-25
20241126,3349.1489,3388.9898,-1.1756,87647838.77,125795369.536,2024-11-26
20241127,3413.4071,3349.1489,1.9186,101064283.43,144241753.959,2024-11-27
20241128,3384.7489,3413.4071,-0.8396,97248771.53,133783758.527,2024-11-28
20241129,3431.2537,3384.7489,1.374,106025197.76,154913909.8,2024-11-29
20241202,3470.9436,3431.2537,1.1567,129494861.7,173983703.853,2024-12-02
20241203,3471.4879,3470.9436,0.0157,115584180.94,155160755.999,2024-12-03
20241204,3427.1793,3471.4879,-1.2764,100326725.4,140916318.24,2024-12-04
20241205,3426.8247,3427.1793,-0.0103,88952083.87,124575084.047,2024-12-05
20241206,3469.8997,3426.8247,1.257,123902395.23,159081420.999,2024-12-06
20241209,3458.4151,3469.8997,-0.331,107467435.74,136220341.227,2024-12-09
20241210,3470.7522,3458.4151,0.3567,134726832.71,187838514.116,2024-12-10
20241211,3471.8712,3470.7522,0.0322,106621843.64,136402498.206,2024-12-11
20241212,3502.2647,3471.8712,0.8754,106544657.01,145743862.567,2024-12-12
20241213,3419.7046,3502.2647,-2.3573,134125331.71,173377328.681,2024-12-13
20241216,3385.5183,3419.7046,-0.9997,98302856.38,134458425.499,2024-12-16
20241217,3379.263,3385.5183,-0.1848,90837906.36,121698098.564,2024-12-17
20241218,3383.3639,3379.263,0.1214,82380844.91,104404137.005,2024-12-18
20241219,3383.0979,3383.3639,-0.0079,77409802.05,106905848.525,2024-12-19
20241220,3362.1378,3383.0979,-0.6196,79724486.92,119063445.051,2024-12-20
20241223,3350.7658,3362.1378,-0.3382,93496758.35,133563339.73,2024-12-23
20241224,3398.7321,3350.7658,1.4315,82813802.59,119570111.492,2024-12-24
20241225,3383.9186,3398.7321,-0.4359,80780618.49,115299729.199,2024-12-25
20241226,3377.2338,3383.9186,-0.1975,76252722.17,121314265.971,2024-12-26
20241227,3390.6065,3377.2338,0.396,91156031.38,142993583.401,2024-12-27
20241230,3403.4586,3390.6065,0.3791,81944895.66,125451701.477,2024-12-30
20241231,3348.0843,3403.4586,-1.627,96468466.43,132907199.329,2024-12-31
20250102,3239.2229,3348.0843,-3.2515,109558560.65,142113476.902,2025-01-02
20250103,3184.0112,3239.2229,-1.7045,94035243.5,119622173.352,2025-01-03
20250106,3176.0092,3184.0112,-0.2513,79282277.13,104196309.468,2025-01-06
20250107,3181.3944,3176.0092,0.1696,70307009.23,98309018.04,2025-01-07
20250108,3177.0786,3181.3944,-0.1357,94559634.04,124059113.415,2025-01-08
20250109,3169.9527,3177.0786,-0.2243,74254323.62,106466706.095,2025-01-09
20250110,3125.7058,3169.9527,-1.3958,72440238.71,104235019.613,2025-01-10
20250113,3120.2672,3125.7058,-0.174,69834597.25,95645827.925,2025-01-13
20250114,3229.314,3120.2672,3.4948,92141229.13,130906693.761,2025-01-14
20250115,3201.6894,3229.314,-0.8554,80246443.93,115757482.105,2025-01-15
20250116,3209.8132,3201.6894,0.2537,75776750.32,110416290.584,2025-01-16
20250117,3225.3524,3209.8132,0.4841,67715946.75,101838882.884,2025-01-17
20250120,3255.0762,3225.3524,0.9216,72013870.69,116894877.953,2025-01-20
20250121,3247.7928,3255.0762,-0.2238,67218292.39,105312069.611,2025-01-21
20250122,3212.4307,3247.7928,-1.0888,61581410.87,99721114.169,2025-01-22
20250123,3206.105,3212.4307,-0.1969,83140621.42,124997807.552,2025-01-23
20250124,3244.3603,3206.105,1.1932,76699671.59,117128757.355,2025-01-24
20250127,3213.6456,3244.3603,-0.9467,71765917.09,100765475.071,2025-01-27
20250205,3190.5467,3213.6456,-0.7188,79963370.02,119922920.987,2025-02-05
20250206,3247.5268,3190.5467,1.7859,88793807.06,142957585.869,2025-02-06
20250207,3305.5534,3247.5268,1.7868,115278276.97,180658311.985,2025-02-07
20250210,3299.492,3305.5534,-0.1834,97769636.07,154137891.74,2025-02-10
20250211,3270.8953,3299.492,-0.8667,88296839.99,138936967.31,2025-02-11
20250212,3297.0197,3270.8953,0.7987,99646832.27,151808490.011,2025-02-12
20250213,3280.8168,3297.0197,-0.4914,111313294.27,168579425.192,2025-02-13
20250214,3309.3785,3280.8168,0.8706,99460563.2,151368381.72,2025-02-14
20250217,3311.669,3309.3785,0.0692,110370714.83,164143116.352,2025-02-17
20250218,3279.7835,3311.669,-0.9628,114834136.82,177090810.579,2025-02-18
20250219,3328.5919,3279.7835,1.4882,108271476.97,174583158.374,2025-02-19
20250220,3314.3136,3328.5919,-0.429,109408106.32,172628231.939,2025-02-20
20250221,3352.6711,3314.3136,1.1573,124033614.4,207372540.182,2025-02-21
20250224,3361.3461,3352.6711,0.2587,142743569.32,214206199.81,2025-02-24
20250225,3345.3579,3361.3461,-0.4756,121360193.14,193496009.369,2025-02-25
20250226,3388.44,3345.3579,1.2878,128960411.76,210748359.659,2025-02-26
20250227,3389.8568,3388.44,0.0418,125780740.21,207512017.721,2025-02-27
20250228,3319.5373,3389.8568,-2.0744,122994622.02,196185393.866,2025-02-28
20250303,3346.9545,3319.5373,0.8259,116275686.98,189556116.498,2025-03-03
20250304,3345.6323,3346.9545,-0.0395,98592340.89,157014581.23,2025-03-04
20250305,3351.4318,3345.6323,0.1733,98094892.42,152508301.303,2025-03-05
20250306,3386.0668,3351.4318,1.0334,110526775.02,174975860.825,2025-03-06
20250307,3379.7178,3386.0668,-0.1875,115379162.47,186297675.112,2025-03-07
20250310,3379.3147,3379.7178,-0.0119,101389684.2,163865039.073,2025-03-10
20250311,3395.1561,3379.3147,0.4688,97211298.52,158005605.365,2025-03-11
20250312,3382.347,3395.1561,-0.3773,103420965.12,166131125.103,2025-03-12
20250313,3355.1197,3382.347,-0.805,102473349.4,159108439.337,2025-03-13
20250314,3408.2282,3355.1197,1.5829,116763296.97,175362334.237,2025-03-14
20250317,3400.998,3408.2282,-0.2121,106481473.7,160916129.176,2025-03-17
20250318,3406.6557,3400.998,0.1664,96396904.08,149276258.438,2025-03-18
20250319,3409.5229,3406.6557,0.0842,89260814.59,143868086.992,2025-03-19
20250320,3394.7342,3409.5229,-0.4337,93078652.64,138464830.472,2025-03-20
20250321,3356.4768,3394.7342,-1.127,115394538.71,155399636.585,2025-03-21
20250324,3353.4625,3356.4768,-0.0898,110291874.27,147532134.269,2025-03-24
20250325,3359.5927,3353.4625,0.1828,113148942.87,147430486.319,2025-03-25
20250326,3361.2996,3359.5927,0.0508,97328326.58,132183313.357,2025-03-26
20250327,3348.7363,3361.2996,-0.3738,88716929.34,117964580.795,2025-03-27
20250328,3328.0282,3348.7363,-0.6184,84687314.67,111378741.78,2025-03-28
20250331,3278.281,3328.0282,-1.4948,102266715.24,137791043.476,2025-03-31
20250401,3288.6024,3278.281,0.3148,89778074.52,126730215.393,2025-04-01
20250402,3286.0546,3288.6024,-0.0775,74266570.06,102921392.96,2025-04-02
20250403,3249.4248,3286.0546,-1.1147,87140728.24,119324410.484,2025-04-03
20250407,2939.7232,3249.4248,-9.531,150845221.67,185665162.27,2025-04-07
20250408,2994.724,2939.7232,1.871,148809268.9,180106585.931,2025-04-08
20250409,3045.7044,2994.724,1.7023,146730090.17,182498977.619,2025-04-09
20250410,3094.3785,3045.7044,1.5981,126412007.14,166448396.075,2025-04-10
20250411,3111.5147,3094.3785,0.5538,97175425.41,134316563.627,2025-04-11
20250414,3122.5366,3111.5147,0.3542,91836035.56,125014230.498,2025-04-14
20250415,3111.5365,3122.5366,-0.3523,74893036.05,104258643.117,2025-04-15
20250416,3103.8075,3111.5365,-0.2484,86216568.38,106436883.297,2025-04-16
20250417,3100.2326,3103.8075,-0.1152,70857016.64,90583062.685,2025-04-17
20250418,3097.4522,3100.2326,-0.0897,62327066.21,77587214.274,2025-04-18
20250421,3131.5782,3097.4522,1.1017,69628767.63,95392117.606,2025-04-21
20250422,3121.7815,3131.5782,-0.3128,74043193.08,95231954.621,2025-04-22
20250423,3139.5553,3121.7815,0.5693,81248627.4,110573872.268,2025-04-23
20250424,3129.9861,3139.5553,-0.3048,71207434.25,97163440.771,2025-04-24
20250425,3134.8518,3129.9861,0.1555,66841219.96,89378424.31,2025-04-25
20250428,3119.0442,3134.8518,-0.5043,72041031.74,93728701.447,2025-04-28
20250429,3115.4656,3119.0442,-0.1147,71015923.74,93892739.508,2025-04-29
20250430,3118.5145,3115.4656,0.0979,87066995.18,110453547.389,2025-04-30
20250506,3168.4494,3118.5145,1.6012,95284284.34,125362467.411,2025-05-06
20250507,3201.3701,3168.4494,1.039,102868542.28,152019363.57,2025-05-07
20250508,3228.9875,3201.3701,0.8627,86432543.31,137378185.378,2025-05-08
20250509,3211.112,3228.9875,-0.5536,76434545.09,122126644.149,2025-05-09
20250512,3285.833,3211.112,2.327,104084252.74,173155295.229,2025-05-12
20250513,3283.8714,3285.833,-0.0597,108831865.68,163499415.384,2025-05-13
20250514,3288.7108,3283.8714,0.1474,105107649.47,138847528.296,2025-05-14
20250515,3241.5038,3288.7108,-1.4354,96064285.66,117918936.852,2025-05-15
20250516,3237.7828,3241.5038,-0.1148,80224563.31,101373744.168,2025-05-16
20250519,3242.5844,3237.7828,0.1483,79325911.16,102296866.897,2025-05-19
20250520,3249.3367,3242.5844,0.2082,74088173.26,105248148.63,2025-05-20
20250521,3275.439,3249.3367,0.8033,73417346.05,118737996.898,2025-05-21
20250522,3252.2726,3275.439,-0.7073,72188121.21,106991092.049,2025-05-22
20250523,3215.3956,3252.2726,-1.1339,73136299.8,103096914.268,2025-05-23
20250526,3206.3265,3215.3956,-0.2821,67482078.52,92354835.924,2025-05-26
20250527,3183.7092,3206.3265,-0.7054,63866255.46,87391779.413,2025-05-27
20250528,3177.6138,3183.7092,-0.1915,58867826.06,79576382.013,2025-05-28
20250529,3205.6538,3177.6138,0.8824,70573433.39,93330879.05,2025-05-29
20250530,3182.077,3205.6538,-0.7355,69417285.48,91548479.343,2025-05-30
20250603,3177.5215,3182.077,-0.1432,71022566.03,100380830.653,2025-06-03
20250604,3183.0404,3177.5215,0.1737,63907869.12,88600372.611,2025-06-04
20250605,3190.2677,3183.0404,0.2271,62652292.3,91981052.814,2025-06-05
20250606,3189.3537,3190.2677,-0.0286,64151522.0,90588161.594,2025-06-06
20250609,3206.7936,3189.3537,0.5468,72159630.35,112047980.309,2025-06-09
20250610,3181.0752,3206.7936,-0.802,81918253.58,115310080.577,2025-06-10
20250611,3208.741,3181.0752,0.8697,70587258.33,102542633.494,2025-06-11
20250612,3204.8223,3208.741,-0.1221,65242101.62,93599836.682,2025-06-12
20250613,3192.2874,3204.8223,-0.3911,95910669.01,135381202.976,2025-06-13
20250616,3190.7135,3192.2874,-0.0493,71240401.94,103598039.369,2025-06-16
20250617,3196.535,3190.7135,0.1825,77000581.56,97996237.585,2025-06-17
20250618,3200.2668,3196.535,0.1167,74332336.14,105324015.162,2025-06-18
20250619,3156.0374,3200.2668,-1.3821,82112976.37,112523068.924,2025-06-19
20250620,3147.4237,3156.0374,-0.2729,72787675.33,96368707.848,2025-06-20
20250623,3165.0572,3147.4237,0.5603,86051389.62,104601416.623,2025-06-23
20250624,3217.4052,3165.0572,1.6539,102264401.46,142105941.935,2025-06-24
20250625,3262.1208,3217.4052,1.3898,104949854.75,157793744.356,2025-06-25
20250626,3245.0673,3262.1208,-0.5228,102285763.31,158171627.627,2025-06-26
20250627,3243.6975,3245.0673,-0.0422,97273012.22,146088912.602,2025-06-27
20250630,3282.4031,3243.6975,1.1933,98797331.91,155543518.152,2025-06-30
20250701,3273.8096,3282.4031,-0.2618,93667631.17,143102843.067,2025-07-01
20250702,3274.3514,3273.8096,0.0165,108349320.64,142909128.374,2025-07-02
20250703,3297.2878,3274.3514,0.7005,87784785.66,134114154.138,2025-07-03
20250704,3288.4632,3297.2878,-0.2676,87732910.85,126200570.238,2025-07-04
20250707,3285.5723,3288.4632,-0.0879,76251729.02,105276792.015,2025-07-07
20250708,3330.5965,3285.5723,1.3704,99906875.01,145480114.336,2025-07-08
20250709,3330.8325,3330.5965,0.0071,97780168.7,142152594.929,2025-07-09
20250710,3342.1892,3330.8325,0.341,103084280.35,139570042.71,2025-07-10
20250711,3347.5786,3342.1892,0.1613,122682420.98,156685087.223,2025-07-11
20250714,3348.8947,3347.5786,0.0393,99460538.37,131630130.155,2025-07-14
20250715,3333.4123,3348.8947,-0.4623,102008460.35,137829740.424,2025-07-15
20250716,3329.7388,3333.4123,-0.1102,78030966.94,117157401.21,2025-07-16
20250717,3356.657,3329.7388,0.8084,94159097.07,153232994.641,2025-07-17
20250718,3376.3036,3356.657,0.5853,98231429.75,155404502.433,2025-07-18
20250721,3436.5549,3376.3036,1.7845,147706299.43,195747589.151,2025-07-21
20250722,3499.1153,3436.5549,1.8204,187447586.4,245127423.1,2025-07-22
20250723,3469.5854,3499.1153,-0.8439,197550256.13,231242536.989,2025-07-23
20250724,3511.1452,3469.5854,1.1978,221576371.41,237780132.892,2025-07-24
20250725,3483.2993,3511.1452,-0.7931,179058635.47,199631697.052,2025-07-25
20250728,3485.3551,3483.2993,0.059,142416861.89,184152688.289,2025-07-28
20250729,3505.0371,3485.3551,0.5647,143345872.84,185966853.662,2025-07-29
20250730,3457.4444,3505.0371,-1.3578,130330090.94,186332000.175,2025-07-30
20250731,3386.5445,3457.4444,-2.0506,130575822.96,182401613.615,2025-07-31
20250801,3382.235,3386.5445,-0.1273,99850678.77,154405794.687,2025-08-01
20250804,3404.7114,3382.235,0.6645,91615478.45,149079620.332,2025-08-04
20250805,3422.1807,3404.7114,0.5131,98529125.73,149949132.86,2025-08-05
20250806,3455.7119,3422.1807,0.9798,120490350.99,191390478.796,2025-08-06
20250807,3447.2485,3455.7119,-0.2449,121101255.99,181626406.664,2025-08-07
20250808,3460.6018,3447.2485,0.3874,120987266.16,178819757.689,2025-08-08
20250811,3489.2129,3460.6018,0.8268,122588694.81,193595671.806,2025-08-11
20250812,3484.5675,3489.2129,-0.1331,114209420.37,186810781.286,2025-08-12
20250813,3514.0434,3484.5675,0.8459,118102683.9,199494381.692,2025-08-13
20250814,3492.9927,3514.0434,-0.599,129417556.46,216968122.041,2025-08-14
20250815,3545.1745,3492.9927,1.4939,135215672.32,228989959.346,2025-08-15
20250818,3574.009,3545.1745,0.8133,154984883.84,261828335.765,2025-08-18
20250819,3553.4407,3574.009,-0.5755,131816821.57,240006177.828,2025-08-19
20250820,3588.9046,3553.4407,0.998,133369633.57,225631143.51,2025-08-20
20250821,3579.8633,3588.9046,-0.2519,136105217.74,220359361.908,2025-08-21
20250822,3629.611,3579.8633,1.3897,136092397.49,235166326.583,2025-08-22
20250825,3700.3796,3629.611,1.9498,188202432.05,309922487.651,2025-08-25
20250826,3698.1944,3700.3796,-0.0591,147589316.74,260092985.755,2025-08-26
20250827,3625.1126,3698.1944,-1.9761,174945950.08,305501638.034,2025-08-27
20250828,3666.9898,3625.1126,1.1552,163169992.55,284824365.36,2025-08-28
20250829,3725.5707,3666.9898,1.5975,176358229.36,325806762.324,2025-08-29
20250901,3733.9438,3725.5707,0.2247,167624078.45,303527202.303,2025-09-01
20250902,3686.4442,3733.9438,-1.2721,157233581.8,301308519.867,2025-09-02
20250903,3671.6892,3686.4442,-0.4003,142250734.97,294250179.799,2025-09-03
20250904,3634.8533,3671.6892,-1.0032,167085308.34,345929521.718,2025-09-04
20250905,3777.1165,3634.8533,3.9139,164317366.86,354338496.438,2025-09-05
20250908,3823.6562,3777.1165,1.2321,176180236.07,392901883.05,2025-09-08
20250909,3787.4938,3823.6562,-0.9458,143220020.84,311425513.574,2025-09-09
20250910,3764.5806,3787.4938,-0.605,118108286.29,264560581.475,2025-09-10
20250911,3831.1279,3764.5806,1.7677,132028414.86,292846570.24,2025-09-11
20250912,3824.4401,3831.1279,-0.1746,150399521.64,303022740.429,2025-09-12
20250915,3871.3501,3824.4401,1.2266,139792383.71,313414153.688,2025-09-15
20250916,3880.1058,3871.3501,0.2262,139569017.61,279914222.14,2025-09-16
20250917,3950.3215,3880.1058,1.8096,167659561.39,302490374.099,2025-09-17
20250918,3898.4696,3950.3215,-1.3126,203435646.59,385013851.865,2025-09-18
20250919,3908.0958,3898.4696,0.2469,143216733.45,285874678.194,2025-09-19
20250922,3905.574,3908.0958,-0.0645,134294055.12,245168526.34,2025-09-22
20250923,3909.0603,3905.574,0.0893,167187833.56,310816563.285,2025-09-23
20250924,3991.0312,3909.0603,2.0969,158316372.87,315961615.135,2025-09-24
20250925,4013.1148,3991.0312,0.5533,157530187.55,319841234.846,2025-09-25
20250926,3969.8902,4013.1148,-1.0771,139917819.49,285708629.29,2025-09-26
20250929,4047.8362,3969.8902,1.9634,147225298.73,302035259.752,2025-09-29
20250930,4098.5134,4047.8362,1.252,147932759.9,310715232.081,2025-09-30
20251009,4170.3128,4098.5134,1.7518,190763723.05,360187342.97,2025-10-09
20251010,4057.8833,4170.3128,-2.6959,184097854.14,349818141.451,2025-10-10
20251013,4035.2774,4057.8833,-0.5571,178977118.44,311462654.889,2025-10-13
20251014,3973.5082,4035.2774,-1.5307,194536650.56,351793700.852,2025-10-14
20251015,4045.9555,3973.5082,1.8233,155215745.61,277616425.039,2025-10-15
20251016,4044.2604,4045.9555,-0.0419,136569038.54,263399212.116,2025-10-16
20251017,3902.7153,4044.2604,-3.4999,146669974.62,261316267.287,2025-10-17
20251020,3939.6833,3902.7153,0.9472,125363849.65,219889034.265,2025-10-20
20251021,3999.7508,3939.6833,1.5247,136473923.32,232028755.119,2025-10-21
20251022,3968.1836,3999.7508,-0.7892,116168290.62,193811712.956,2025-10-22
20251023,3981.8142,3968.1836,0.3435,123060455.05,197307707.596,2025-10-23
20251024,4034.6075,3981.8142,1.3259,129190964.75,237328622.363,2025-10-24
20251027,4070.5237,4034.6075,0.8902,159073274.42,306607636.835,2025-10-27
20251028,4055.5979,4070.5237,-0.3667,144469348.39,267899834.871,2025-10-28
20251029,4173.5249,4055.5979,2.9078,150950962.53,316470044.323,2025-10-29
20251030,4157.4368,4173.5249,-0.3855,179515445.19,351638575.658,2025-10-30
20251031,4118.9572,4157.4368,-0.9256,183773783.91,329899627.83,2025-10-31
20251103,4148.3779,4118.9572,0.7143,165882335.12,302152865.475,2025-11-03
20251104,4080.8841,4148.3779,-1.627,148618435.98,269681587.025,2025-11-04
20251105,4151.745,4080.8841,1.7364,159321368.35,297616855.997,2025-11-05
20251106,4214.8993,4151.745,1.5212,169873321.38,318533330.081,2025-11-06
20251107,4230.6491,4214.8993,0.3737,168383199.13,336913854.368,2025-11-07
20251110,4206.5261,4230.6491,-0.5702,170309653.64,342456463.813,2025-11-10
20251111,4184.5199,4206.5261,-0.5231,148382374.32,291668290.099,2025-11-11
20251112,4132.9776,4184.5199,-1.2317,156935518.3,289411185.065,2025-11-12
20251113,4235.2554,4132.9776,2.4747,151146583.4,315091283.888,2025-11-13
20251114,4171.9621,4235.2554,-1.4944,149448916.63,285370290.612,2025-11-14
20251117,4152.4579,4171.9621,-0.4675,137566968.91,277260616.025,2025-11-17
20251118,4076.7052,4152.4579,-1.8243,137051048.79,262995049.769,2025-11-18
20251119,4081.7462,4076.7052,0.1237,112276845.97,214834448.029,2025-11-19
20251120,4030.6168,4081.7462,-1.2526,111272738.54,219445642.052,2025-11-20
20251121,3896.7354,4030.6168,-3.3216,142817284.38,250869074.13,2025-11-21
20251124,3923.6912,3896.7354,0.6918,111671324.32,207598492.77,2025-11-24
20251125,3947.2056,3923.6912,0.5993,108041884.63,212026136.383,2025-11-25
20251126,3945.2797,3947.2056,-0.0488,104076126.8,196305289.632,2025-11-26
20251127,3934.0579,3945.2797,-0.2844,96568907.55,192764153.615,2025-11-27
20251128,3972.6147,3934.0579,0.9801,92863629.78,182380551.184,2025-11-28
20251201,4006.5139,3972.6147,0.8533,114288535.84,211174135.338,2025-12-01
20251202,3974.418,4006.5139,-0.8011,91145475.87,163190932.623,2025-12-02
20251203,3953.4242,3974.418,-0.5282,100456407.12,170944960.502,2025-12-03
20251204,3975.0331,3953.4242,0.5466,95605103.56,170377005.877,2025-12-04
20251205,4029.9435,3975.0331,1.3814,111291392.28,195260718.214,2025-12-05
20251208,4058.7047,4029.9435,0.7137,125134656.64,238616575.801,2025-12-08
20251209,4029.7156,4058.7047,-0.7142,124640906.73,216572137.13,2025-12-09
20251210,4031.8057,4029.7156,0.0519,113300113.53,197841857.601,2025-12-10
20251211,4015.3112,4031.8057,-0.4091,121174003.46,220859826.763,2025-12-11
20251212,4056.9527,4015.3112,1.0371,144801352.21,262298577.421,2025-12-12
20251215,4023.6821,4056.9527,-0.8201,136778900.45,250575381.79,2025-12-15
20251216,3950.2121,4023.6821,-1.8259,128765285.03,236950796.324,2025-12-16
20251217,4012.2871,3950.2121,1.5714,124108815.79,233644135.897,2025-12-17
20251218,3972.3675,4012.2871,-0.9949,108133074.59,224077712.23,2025-12-18
20251219,4004.4311,3972.3675,0.8072,122011109.07,222956353.418,2025-12-19
20251222,4033.3862,4004.4311,0.7231,127280124.37,253998633.017,2025-12-22
20251223,4049.1506,4033.3862,0.3908,134307659.14,281418986.871,2025-12-23
20251224,4084.68,4049.1506,0.8775,128864910.77,274055422.257,2025-12-24
20251225,4121.4615,4084.68,0.9005,135158601.12,295909045.763,2025-12-25
20251226,4161.5427,4121.4615,0.9725,160737656.33,348130416.576,2025-12-26
20251229,4137.6499,4161.5427,-0.5741,151394429.67,324590370.984,2025-12-29
20251230,4137.1573,4137.6499,-0.0119,150548591.68,339908690.622,2025-12-30
20251231,4128.1439,4137.1573,-0.2179,130035017.18,292371713.861,2025-12-31
20260105,4198.7843,4128.1439,1.7112,164709697.33,387577077.353,2026-01-05
20260106,4253.1426,4198.7843,1.2946,183878970.87,414519209.061,2026-01-06
20260107,4261.3246,4253.1426,0.1924,185073333.98,417167158.53,2026-01-07
20260108,4284.2369,4261.3246,0.5377,184918050.34,418135953.099,2026-01-08
20260109,4331.7574,4284.2369,1.1092,208834426.26,479008588.122,2026-01-09
20260112,4386.7375,4331.7574,1.2692,226398222.57,522733211.86,2026-01-12
20260113,4329.245,4386.7375,-1.3106,243742758.27,534495313.438,2026-01-13
20260114,4309.9815,4329.245,-0.445,267393174.57,563200098.551,2026-01-14
20260115,4314.1661,4309.9815,0.0971,171349460.06,380076051.81,2026-01-15
20260116,4333.4153,4314.1661,0.4462,230001319.17,459901931.072,2026-01-16
20260119,4396.121,4333.4153,1.447,207827103.01,458563181.221,2026-01-19
20260120,4356.7469,4396.121,-0.8957,230583541.58,471315401.37,2026-01-20
20260121,4366.0454,4356.7469,0.2134,185451563.47,389750538.32,2026-01-21
20260122,4378.8582,4366.0454,0.2935,203892021.27,409627943.676,2026-01-22
20260123,4461.9338,4378.8582,1.8972,241748018.87,495354820.037,2026-01-23
20260126,4403.9919,4461.9338,-1.2986,264042958.63,523276467.389,2026-01-26
20260127,4399.0218,4403.9919,-0.1129,222345872.99,432554100.028,2026-01-27
20260128,4359.0871,4399.0218,-0.9078,239852894.24,409817522.968,2026-01-28
20260129,4313.7015,4359.0871,-1.0412,235218157.98,405736319.145,2026-01-29
20260130,4285.8557,4313.7015,-0.6455,205973247.39,382518624.36,2026-01-30
20260202,4215.2879,4285.8557,-1.6465,195447622.28,357259166.126,2026-02-02
20260203,4352.6637,4215.2879,3.259,189986878.0,380028921.665,2026-02-03
20260204,4429.6545,4352.6637,1.7688,210841241.14,404039076.657,2026-02-04
20260205,4339.9979,4429.6545,-2.024,176905589.85,333489608.674,2026-02-05
20260206,4338.0924,4339.9979,-0.0439,160733993.25,304912689.531,2026-02-06
20260209,4421.7205,4338.0924,1.9278,151064203.84,322221343.811,2026-02-09
20260210,4413.9256,4421.7205,-0.1763,143021039.12,282520442.246,2026-02-10
20260211,4408.4941,4413.9256,-0.1231,137999807.41,264020352.158,2026-02-11
20260212,4472.2974,4408.4941,1.4473,152796885.64,305167046.02,2026-02-12
20260213,4405.4348,4472.2974,-1.495,142787696.65,287487076.125,2026-02-13
20260224,4468.3427,4405.4348,1.428,170737449.58,321479990.997,2026-02-24
20260225,4510.3272,4468.3427,0.9396,217954725.56,362133728.898,2026-02-25
20260226,4505.264,4510.3272,-0.1123,187864443.87,379260996.599,2026-02-26
20260227,4496.2364,4505.264,-0.2004,176042287.79,337962457.541,2026-02-27
20260302,4499.4999,4496.2364,0.0726,231324145.77,440283855.343,2026-03-02
20260303,4378.0418,4499.4999,-2.6994,244544922.44,454008799.845,2026-03-03
20260304,4362.781,4378.0418,-0.3486,210667625.82,353189154.433,2026-03-04
20260305,4429.3762,4362.781,1.5264,198491547.16,363046012.091,2026-03-05
20260306,4470.9326,4429.3762,0.9382,204518801.19,355443746.245,2026-03-06
20260309,4442.5253,4470.9326,-0.6354,253058690.2,426825263.267,2026-03-09
20260310,4525.3924,4442.5253,1.8653,221938249.38,392413763.188,2026-03-10
20260311,4574.1751,4525.3924,1.078,236020300.69,457729002.846,2026-03-11
20260312,4546.5572,4574.1751,-0.6038,254269210.35,418819890.556,2026-03-12
20260313,4512.639,4546.5572,-0.746,250935384.9,422105488.859,2026-03-13
20260316,4487.2176,4512.639,-0.5633,231428787.7,378410470.783,2026-03-16
20260317,4408.6245,4487.2176,-1.7515,191415726.05,328828328.346,2026-03-17
20260318,4428.6779,4408.6245,0.4549,183619822.78,316466167.591,2026-03-18
20260319,4327.4797,4428.6779,-2.2851,171963486.62,301840902.873,2026-03-19
20260320,4333.5783,4327.4797,0.1409,195006476.99,395399117.013,2026-03-20
20260323,4198.9028,4333.5783,-3.1077,228764231.98,409140847.591,2026-03-23
20260324,4255.4844,4198.9028,1.3475,192497643.49,343033455.24,2026-03-24
20260325,4318.013,4255.4844,1.4694,193885936.49,334242659.315,2026-03-25
20260326,4269.9129,4318.013,-1.1139,166982597.95,300232748.52,2026-03-26
20260327,4303.9185,4269.9129,0.7964,145088849.01,279821460.065,2026-03-27
20260330,4276.3982,4303.9185,-0.6394,153863139.85,289025215.549,2026-03-30
20260331,4195.7693,4276.3982,-1.8854,158044271.01,294390408.713,2026-03-31
20260401,4246.7,4195.7693,1.2139,149927133.27,291020765.012,2026-04-01
20260402,4176.5141,4246.7,-1.6527,137795277.93,252544103.832,2026-04-02
20260403,4105.2222,4176.5141,-1.707,123744682.25,218415381.981,2026-04-03
20260407,4094.7597,4105.2222,-0.2549,112394628.72,203213058.032,2026-04-07
20260408,4265.2228,4094.7597,4.163,169848765.29,333828809.515,2026-04-08
20260409,4231.6043,4265.2228,-0.7882,128767366.64,277756137.794,2026-04-09
20260410,4322.9043,4231.6043,2.1576,146110847.67,335280408.641,2026-04-10
20260413,4336.2415,4322.9043,0.3085,139568850.18,309222426.131,2026-04-13
20260414,4391.6017,4336.2415,1.2767,144342966.92,337632276.315,2026-04-14
20260415,4374.0757,4391.6017,-0.3991,147202762.88,340725078.532,2026-04-15
20260416,4439.149,4374.0757,1.4877,144125665.26,333726253.412,2026-04-16
20260417,4432.2969,4439.149,-0.1544,140724130.28,317531910.852,2026-04-17
20260420,4456.7967,4432.2969,0.5528,162839754.42,370392810.893,2026-04-20
20260421,4482.2543,4456.7967,0.5712,149936657.66,335245716.923,2026-04-21
20260422,4481.8866,4482.2543,-0.0082,140856844.25,345596895.823,2026-04-22
20260423,4464.6266,4481.8866,-0.3851,161304472.98,377899055.714,2026-04-23
20260424,4447.0338,4464.6266,-0.394,136012766.61,337593690.06,2026-04-24
20260427,4435.247,4447.0338,-0.265,135097644.07,340601728.934,2026-04-27
20260428,4387.8891,4435.247,-1.0678,145828607.13,349622851.264,2026-04-28
20260429,4479.8147,4387.8891,2.095,152485492.89,364063639.132,2026-04-29
20260430,4469.4494,4479.8147,-0.2314,173288105.63,384020480.609,2026-04-30
20260506,4588.9018,4469.4494,2.6726,177882467.52,436334900.455,2026-05-06
20260507,4615.0522,4588.9018,0.5699,181499162.28,414689249.205,2026-05-07
20260508,4586.2893,4615.0522,-0.6232,193784834.12,431295941.413,2026-05-08
20260511,4655.5391,4586.2893,1.5099,208142679.11,475214322.339,2026-05-11
20260512,4604.9621,4655.5391,-1.0864,197222836.74,430399393.763,2026-05-12
20260513,4671.0788,4604.9621,1.4358,196538534.22,433089334.375,2026-05-13
20260514,4551.4845,4671.0788,-2.5603,203908521.71,452487913.818,2026-05-14
20260515,4521.5712,4551.4845,-0.6572,198212945.3,452178677.649,2026-05-15
20260518,4491.1103,4521.5712,-0.6737,161086266.06,377622273.306,2026-05-18
20260519,4523.4103,4491.1103,0.7192,146622845.98,353011751.077,2026-05-19
20260520,4537.574,4523.4103,0.3131,148126230.28,376340495.199,2026-05-20
20260521,4449.6609,4537.574,-1.9374,177216430.94,437002067.627,2026-05-21
20260522,4499.1303,4449.6609,1.1118,136556053.09,343624286.735,2026-05-22
20260525,4506.2107,4499.1303,0.1574,151663344.56,397642880.196,2026-05-25
20260526,4477.7993,4506.2107,-0.6305,155668487.39,400780588.904,2026-05-26
20260527,4448.6269,4477.7993,-0.6515,156294501.35,412444813.288,2026-05-27
20260528,4461.7275,4448.6269,0.2945,142885298.39,359234515.206,2026-05-28
20260529,4377.0567,4461.7275,-1.8977,168675248.82,393228558.651,2026-05-29
20260601,4351.9925,4377.0567,-0.5726,142705503.85,331037248.304,2026-06-01
20260602,4349.9221,4351.9925,-0.0476,141349459.45,323913663.895,2026-06-02
20260603,4322.6453,4349.9221,-0.6271,141774642.0,345237241.118,2026-06-03
20260604,4285.8981,4322.6453,-0.8501,133332922.59,331120506.423,2026-06-04
20260605,4240.8989,4285.8981,-1.0499,152254699.67,366919249.507,2026-06-05
20260608,4124.7898,4240.8989,-2.7378,161443265.99,359699872.335,2026-06-08
20260609,4198.4056,4124.7898,1.7847,135139719.0,314969501.648,2026-06-09
20260610,4116.3098,4198.4056,-1.9554,143381397.45,319189195.382,2026-06-10
20260611,4075.7711,4116.3098,-0.9848,134469786.38,300423646.233,2026-06-11
20260612,4143.4529,4075.7711,1.6606,178536311.39,402785548.115,2026-06-12
20260615,4242.5356,4143.4529,2.3913,166776219.42,377275884.92,2026-06-15
20260616,4282.0356,4242.5356,0.931,164041553.37,412591666.883,2026-06-16
20260617,4310.1344,4282.0356,0.6562,169713344.94,396083971.911,2026-06-17
20260618,4284.539,4310.1344,-0.5938,162991187.84,411965136.239,2026-06-18
20260622,4375.8916,4284.539,2.1321,189343485.39,498736867.118,2026-06-22
20260623,4242.082,4375.8916,-3.0579,164071896.96,420372786.145,2026-06-23
20260624,4261.383,4242.082,0.455,147192393.95,378355022.261,2026-06-24
20260625,4275.7237,4261.383,0.3365,160030123.03,408407253.849,2026-06-25
20260626,4140.8379,4275.7237,-3.1547,172502647.15,447026803.852,2026-06-26
20260629,4160.7019,4140.8379,0.4797,167517545.11,427093190.355,2026-06-29
20260630,4228.3334,4160.7019,1.6255,152881069.5,396645394.486,2026-06-30
20260701,4205.909,4228.3334,-0.5303,169063552.31,454650012.473,2026-07-01
20260702,4109.7779,4205.909,-2.2856,156356251.06,411311534.598,2026-07-02
20260703,4180.6002,4109.7779,1.7233,155009224.79,399266382.691,2026-07-03
20260706,4147.1385,4180.6002,-0.8004,151598180.83,393141827.267,2026-07-06
20260707,4081.9481,4147.1385,-1.5719,141257074.57,329915749.01,2026-07-07
20260708,3960.8738,4081.9481,-2.9661,130886186.0,313185429.87,2026-07-08
20260709,4008.6776,3960.8738,1.2069,139183373.2,339565430.919,2026-07-09
20260710,3955.5447,4008.6776,-1.3254,158271725.89,404675179.779,2026-07-10
20260713,3813.6298,3955.5447,-3.5877,149992010.67,349716526.922,2026-07-13
20260714,3850.8298,3813.6298,0.9754,134373807.62,300990230.298,2026-07-14
20260715,3843.9553,3850.8298,-0.1785,129979752.44,277756304.423,2026-07-15
20260716,3761.2588,3843.9553,-2.1513,119716132.93,252264267.781,2026-07-16
20260717,3630.9616,3761.2588,-3.4642,144691276.38,289921179.699,2026-07-17
20260720,3637.8115,3630.9616,0.1887,162632787.37,307947850.325,2026-07-20
20260721,3752.7221,3637.8115,3.1588,168466341.26,324875676.845,2026-07-21
20260722,3726.1693,3752.7221,-0.7076,137444729.82,277445722.484,2026-07-22
20260723,3808.3736,3726.1693,2.2061,134382205.42,264400063.143,2026-07-23
20260724,3725.721,3808.3736,-2.1703,119241000.67,226911588.272,2026-07-24
20260727,3813.2,3725.721,2.348,114239567.71,229507803.262,2026-07-27
20260728,3731.0272,3813.2,-2.155,116081910.84,226832512.961,2026-07-28
20260729,3780.73,3731.0272,1.3321,146109461.32,273772747.276,2026-07-29
20260730,3748.1348,3780.73,-0.8621,138817714.87,258662136.902,2026-07-30
20260731,3789.8751,3748.1348,1.1136,139768937.21,279660184.64,2026-07-31
20260803,3806.8594,3789.8751,0.4481,132521072.32,235317310.619,2026-08-03
20260804,3833.4412,3806.8594,0.6983,132705615.66,249358872.443,2026-08-04
20260805,3906.8051,3833.4412,1.9138,136864836.83,283612405.497,2026-08-05
20260806,3864.4175,3906.8051,-1.085,129692847.93,268554222.376,2026-08-06
20260807,3902.408,3864.4175,0.9831,122384070.66,276085645.429,2026-08-07
20260810,3930.7387,3902.408,0.726,118038030.65,253738564.86,2026-08-10
20260811,3896.9454,3930.7387,-0.8597,116631780.24,250338752.659,2026-08-11
20260812,3926.488,3896.9454,0.7581,110170267.42,232849104.841,2026-08-12
20260813,3889.7314,3926.488,-0.9361,115592306.28,258300221.906,2026-08-13
20260814,3886.7024,3889.7314,-0.0779,95410528.19,205460734.126,2026-08-14
20260817,3966.5554,3886.7024,2.0545,105459478.26,240052028.955,2026-08-17
20260818,3964.3044,3966.5554,-0.0567,106111236.78,252137048.307,2026-08-18
20260819,3817.4628,3964.3044,-3.7041,127320191.29,279316755.223,2026-08-19
20260820,3808.8114,3817.4628,-0.2266,102268377.79,212367981.759,2026-08-20
20260821,3832.4105,3808.8114,0.6196,92090108.61,194330784.043,2026-08-21
20260824,3791.9042,3832.4105,-1.0569,107203145.95,211120846.619,2026-08-24
20260825,3780.1921,3791.9042,-0.3089,97722168.02,194915906.707,2026-08-25
20260826,3805.697,3780.1921,0.6747,102233394.04,193238394.933,2026-08-26
20260827,3813.2721,3805.697,0.199,107660989.94,227192071.085,2026-08-27
20260828,3796.5297,3813.2721,-0.4391,103814847.8,218042024.779,2026-08-28
20260831,3789.173,3796.5297,-0.1938,117236993.18,242401507.362,2026-08-31
20260901,3759.7464,3789.173,-0.7766,111628803.11,207694181.604,2026-09-01
20260902,3697.9789,3759.7464,-1.6429,101204890.92,194666515.8,2026-09-02
20260903,3718.504,3697.9789,0.555,98963775.94,193768830.24,2026-09-03
20260904,3709.7092,3718.504,-0.2365,117504027.51,228402769.874,2026-09-04
20260907,3733.6506,3709.7092,0.6454,99503956.7,213688729.132,2026-09-07
20260908,3717.3848,3733.6506,-0.4357,103112574.89,214704525.006,2026-09-08
20260909,3737.3558,3717.3848,0.5372,106093684.21,208862781.881,2026-09-09
20260910,3711.92,3737.3558,-0.6806,98778686.97,189429688.623,2026-09-10
20260911,3652.2118,3711.92,-1.6086,121631586.36,216517677.227,2026-09-11
20260914,3654.652,3652.2118,0.0668,93906582.9,179992141.62,2026-09-14
20260915,3608.9196,3654.652,-1.2513,89729895.84,180734295.289,2026-09-15
20260916,3604.8916,3608.9196,-0.1116,106854150.34,224611894.786,2026-09-16
20260917,3602.7838,3604.8916,-0.0585,97210338.63,193264342.647,2026-09-17
20260918,3649.9459,3602.7838,1.309,103442418.67,219927072.255,2026-09-18
20260921,3656.8331,3649.9459,0.1887,102769217.89,213749288.701,2026-09-21
20260922,3643.4201,3656.8331,-0.3668,99126682.01,203626137.18,2026-09-22
20260923,3616.9212,3643.4201,-0.7273,90737538.7,170699638.428,2026-09-23
20260924,3550.8627,3616.9212,-1.8264,88378608.88,167323708.179,2026-09-24
20260928,3482.0791,3550.8627,-1.9371,94688060.72,181704013.255,2026-09-28
