trade_date,open,high,low,close,preclose,volume,amount,turn,pctChg,datetime
20240102,19.29,19.38,19.03,19.1,19.18,155918.15,300883.819,0.4313,-0.42,2024-01-02
20240103,19.01,19.14,18.84,19.03,19.1,177743.25,339697.641,0.4917,-0.37,2024-01-03
20240104,18.96,19.0,18.43,18.61,19.03,215509.14,404186.286,0.5961,-2.21,2024-01-04
20240105,18.61,18.83,18.23,18.32,18.61,197136.08,367906.985,0.5453,-1.56,2024-01-05
20240108,18.35,18.46,17.92,17.94,18.32,161802.49,295547.742,0.4476,-2.07,2024-01-08
20240109,17.94,18.25,17.84,18.12,17.94,147268.07,267931.303,0.4074,1.0,2024-01-09
20240110,18.06,18.58,17.93,18.17,18.12,192237.74,353994.003,0.5318,0.28,2024-01-10
20240111,18.12,18.58,18.03,18.4,18.17,191404.88,353238.76,0.5295,1.27,2024-01-11
20240112,18.37,18.51,18.18,18.18,18.4,139102.88,256876.155,0.3848,-1.2,2024-01-12
20240115,18.23,18.25,17.9,17.9,18.18,139541.86,253298.143,0.386,-1.54,2024-01-15
20240116,17.9,17.96,17.54,17.85,17.9,197363.9,352871.184,0.5459,-0.28,2024-01-16
20240117,17.74,17.8,17.36,17.36,17.85,183231.59,324115.27,0.5069,-2.75,2024-01-17
20240118,17.28,17.52,16.76,17.45,17.36,353042.92,607671.689,0.9766,0.52,2024-01-18
20240119,17.31,17.71,17.26,17.47,17.45,199074.65,351554.298,0.5507,0.11,2024-01-19
20240122,17.43,17.44,16.77,16.9,17.47,243507.58,421034.254,0.6736,-3.26,2024-01-22
20240123,16.89,17.24,16.68,17.09,16.9,203724.28,350206.185,0.5635,1.12,2024-01-23
20240124,17.13,17.44,16.74,17.42,17.09,206144.72,355772.76,0.5702,1.93,2024-01-24
20240125,17.41,17.92,17.35,17.84,17.42,260842.58,465617.448,0.7215,2.41,2024-01-25
20240126,17.74,18.02,17.71,17.76,17.84,212727.97,382607.754,0.5884,-0.45,2024-01-26
20240129,17.84,17.95,17.62,17.64,17.76,174567.92,312526.136,0.4829,-0.68,2024-01-29
20240130,17.54,17.69,17.08,17.1,17.64,172137.59,301478.741,0.4762,-3.06,2024-01-30
20240131,16.97,17.25,16.72,16.74,17.1,212159.07,362037.601,0.5869,-2.11,2024-01-31
20240201,16.67,17.0,16.32,16.66,16.74,203693.04,342841.035,0.5635,-0.48,2024-02-01
20240202,16.68,16.84,15.47,16.13,16.66,304514.07,497572.463,0.8423,-3.18,2024-02-02
20240205,16.07,16.16,14.96,15.68,16.13,385050.01,604859.289,1.0651,-2.79,2024-02-05
20240206,15.62,17.25,15.57,17.25,15.68,547451.19,929474.747,1.5144,10.01,2024-02-06
20240207,17.46,18.97,17.25,18.77,17.25,957893.71,1780114.494,2.6497,8.81,2024-02-07
20240208,19.08,19.61,18.39,18.55,18.77,805316.37,1530161.052,2.2277,-1.17,2024-02-08
20240219,18.19,18.61,18.03,18.38,18.55,480368.32,889206.821,1.3288,-0.92,2024-02-19
20240220,18.35,18.35,18.0,18.19,18.38,326641.26,596945.983,0.9036,-1.03,2024-02-20
20240221,18.02,18.6,17.95,18.25,18.19,402898.0,744539.192,1.1145,0.33,2024-02-21
20240222,18.13,18.5,18.08,18.5,18.25,347988.41,643383.926,0.9626,1.37,2024-02-22
20240223,18.52,18.52,18.25,18.43,18.5,288461.21,534919.996,0.7979,-0.38,2024-02-23
20240226,18.43,18.65,18.34,18.38,18.43,288178.78,537265.754,0.7972,-0.27,2024-02-26
20240227,18.32,18.54,18.16,18.54,18.38,285721.42,528740.946,0.7904,0.87,2024-02-27
20240228,18.59,19.29,18.28,18.3,18.54,595241.66,1132382.35,1.6466,-1.29,2024-02-28
20240229,18.19,18.7,18.13,18.7,18.3,361672.74,674078.627,1.0005,2.19,2024-02-29
20240301,18.75,19.08,18.7,18.92,18.7,365426.32,696258.786,1.0108,1.18,2024-03-01
20240304,18.95,19.18,18.71,18.77,18.92,308168.66,588059.386,0.8525,-0.79,2024-03-04
20240305,18.68,19.56,18.54,18.99,18.77,602072.82,1159777.181,1.6655,1.17,2024-03-05
20240306,18.98,18.98,18.6,18.75,18.99,310222.41,586654.002,0.8581,-1.26,2024-03-06
20240307,18.84,20.14,18.76,19.43,18.75,1084542.89,2136277.045,3.0001,3.63,2024-03-07
20240308,19.34,19.48,19.1,19.35,19.43,485508.57,943546.083,1.343,-0.41,2024-03-08
20240311,19.36,19.82,19.35,19.65,19.35,479901.76,947113.093,1.3275,1.55,2024-03-11
20240312,19.66,19.69,19.3,19.52,19.65,386272.75,757980.564,1.0685,-0.66,2024-03-12
20240313,19.54,19.74,19.35,19.42,19.52,348954.82,687551.644,0.9653,-0.51,2024-03-13
20240314,19.49,19.8,19.15,19.32,19.42,346818.64,682633.271,0.9594,-0.51,2024-03-14
20240315,19.16,19.8,18.98,19.74,19.32,526399.3,1032690.619,1.4561,2.17,2024-03-15
20240318,19.72,20.04,19.55,19.93,19.74,440358.32,879215.276,1.2181,0.96,2024-03-18
20240319,19.83,20.98,19.75,20.34,19.93,798345.95,1647393.079,2.2084,2.06,2024-03-19
20240320,19.99,20.29,19.96,20.23,20.34,388464.88,787383.803,1.0746,-0.54,2024-03-20
20240321,20.35,20.45,20.04,20.1,20.23,285412.35,579967.883,0.7895,-0.64,2024-03-21
20240322,20.04,20.08,19.39,19.51,20.1,397226.65,785909.088,1.0988,-2.94,2024-03-22
20240325,19.35,19.79,19.34,19.36,19.51,284539.47,560360.953,0.7871,-0.77,2024-03-25
20240326,19.3,19.44,18.76,19.06,19.36,336632.17,645570.003,0.9312,-1.55,2024-03-26
20240327,19.08,19.14,18.55,18.58,19.06,214541.2,406565.663,0.5935,-2.52,2024-03-27
20240328,18.57,19.11,18.54,18.94,18.58,251171.85,478281.567,0.6948,1.94,2024-03-28
20240329,18.94,19.41,18.94,19.21,18.94,235900.48,456302.258,0.6525,1.43,2024-03-29
20240401,19.32,19.91,19.31,19.77,19.21,367411.2,730662.479,1.0163,2.92,2024-04-01
20240402,19.75,20.12,19.67,19.99,19.77,377629.1,759711.461,1.0446,1.11,2024-04-02
20240403,20.09,21.33,19.92,20.62,19.99,999132.08,2081520.849,2.7638,3.15,2024-04-03
20240408,20.64,21.33,20.52,20.54,20.62,900144.51,1900452.516,2.49,-0.39,2024-04-08
20240409,20.34,21.62,20.29,21.43,20.54,1127141.61,2399270.441,3.1179,4.33,2024-04-09
20240410,21.23,21.23,20.32,20.53,21.43,791399.79,1648239.083,2.1892,-4.2,2024-04-10
20240411,20.47,20.71,20.0,20.25,20.53,459684.89,941182.134,1.2716,-1.36,2024-04-11
20240412,20.25,20.41,19.96,20.01,20.25,344929.27,699659.374,0.9541,-1.19,2024-04-12
20240415,19.89,20.32,19.34,20.13,20.01,461164.1,924769.455,1.2757,0.6,2024-04-15
20240416,19.94,20.55,19.69,19.72,20.13,501606.29,1019938.602,1.3875,-2.04,2024-04-16
20240417,19.72,20.27,19.7,20.24,19.72,371354.46,748668.886,1.0272,2.64,2024-04-17
20240418,20.15,20.34,19.89,20.1,20.24,309285.77,627968.378,0.8555,-0.69,2024-04-18
20240419,19.89,20.32,19.71,19.83,20.1,358561.46,721846.43,0.9919,-1.34,2024-04-19
20240422,19.74,20.28,19.67,19.75,19.83,286770.96,575968.905,0.7933,-0.4,2024-04-22
20240423,19.58,19.58,18.86,18.9,19.75,437693.55,841993.731,1.2107,-4.3,2024-04-23
20240424,18.9,19.52,18.7,19.38,18.9,334953.59,644825.676,0.9265,2.54,2024-04-24
20240425,19.26,19.68,19.11,19.47,19.38,263433.43,516347.917,0.7287,0.46,2024-04-25
20240426,19.36,19.77,19.34,19.72,19.47,313778.37,619574.706,0.868,1.28,2024-04-26
20240429,19.54,19.92,19.34,19.72,19.72,387615.12,769597.681,1.0722,0.0,2024-04-29
20240430,19.59,19.72,19.1,19.14,19.72,384246.04,746610.27,1.0629,-2.94,2024-04-30
20240506,19.31,19.69,19.25,19.51,19.14,322439.75,633658.393,0.8919,1.93,2024-05-06
20240507,20.0,20.38,19.9,20.13,19.51,537124.59,1090028.789,1.4858,3.18,2024-05-07
20240508,20.02,20.34,19.75,20.07,20.13,436348.07,882711.242,1.207,-0.3,2024-05-08
20240509,20.04,20.56,20.03,20.47,20.07,526363.66,1082054.3,1.456,1.99,2024-05-09
20240510,20.47,20.65,20.1,20.31,20.47,335551.93,685387.911,0.9282,-0.78,2024-05-10
20240513,20.25,20.25,19.85,20.02,20.31,266071.35,537307.468,0.736,-1.43,2024-05-13
20240514,19.94,20.19,19.84,20.0,20.02,231971.03,468030.019,0.6417,-0.1,2024-05-14
20240515,20.01,20.13,19.63,19.64,20.0,265478.14,530426.25,0.7344,-1.8,2024-05-15
20240516,19.8,19.92,19.53,19.59,19.64,245470.04,488061.597,0.679,-0.25,2024-05-16
20240517,19.64,19.83,19.49,19.83,19.59,230140.13,455987.752,0.6366,1.23,2024-05-17
20240520,19.92,20.24,19.89,20.23,19.83,439815.78,891965.861,1.2166,2.02,2024-05-20
20240521,20.23,20.28,19.72,19.8,20.23,299194.6,599902.251,0.8276,-2.13,2024-05-21
20240522,19.78,20.03,19.72,19.81,19.8,227219.49,454808.485,0.6285,0.05,2024-05-22
20240523,19.66,19.67,19.1,19.13,19.81,317999.29,616875.994,0.8797,-3.43,2024-05-23
20240524,19.1,19.23,18.98,19.0,19.13,181089.55,348631.417,0.5009,-0.68,2024-05-24
20240527,19.01,19.08,18.72,18.98,19.0,225528.74,428299.324,0.6239,-0.11,2024-05-27
20240528,18.99,19.19,18.87,18.91,18.98,183813.73,352711.578,0.5085,-0.37,2024-05-28
20240529,18.92,19.42,18.85,19.23,18.91,304593.75,590488.844,0.8426,1.69,2024-05-29
20240530,19.22,19.23,18.82,18.9,19.23,236179.44,452186.038,0.6533,-1.72,2024-05-30
20240531,18.92,19.0,18.73,18.75,18.9,161032.76,305526.501,0.4454,-0.79,2024-05-31
20240603,18.71,18.74,18.15,18.25,18.75,274626.36,506973.12,0.7597,-2.67,2024-06-03
20240604,18.25,18.5,18.13,18.28,18.25,183103.1,337883.598,0.5065,0.16,2024-06-04
20240605,18.24,18.44,17.96,18.19,18.28,170341.36,313640.017,0.4712,-0.49,2024-06-05
20240606,18.24,18.38,17.92,17.97,18.19,193616.29,353365.042,0.5356,-1.21,2024-06-06
20240607,18.09,18.18,17.86,18.04,17.97,178288.66,323865.373,0.4932,0.39,2024-06-07
20240611,17.93,18.03,17.74,18.01,18.04,152623.8,275935.006,0.4222,-0.17,2024-06-11
20240612,18.01,18.2,17.97,18.05,18.01,165000.7,301022.394,0.4564,0.22,2024-06-12
20240613,18.13,18.13,17.74,17.86,18.05,221219.58,398489.6,0.6119,-1.05,2024-06-13
20240614,17.77,17.92,17.6,17.83,17.86,394909.92,707634.08,1.0924,-0.17,2024-06-14
20240617,17.74,18.0,17.7,17.73,17.83,231813.32,417316.295,0.6412,-0.56,2024-06-17
20240618,17.74,18.27,17.71,17.95,17.73,286126.47,518820.382,0.7915,1.24,2024-06-18
20240619,17.95,18.19,17.69,17.7,17.95,244447.66,438841.692,0.6762,-1.39,2024-06-19
20240620,17.7,17.7,17.14,17.16,17.7,288897.27,504185.016,0.7991,-3.05,2024-06-20
20240621,17.19,17.29,17.03,17.1,17.16,165541.71,284632.782,0.4579,-0.35,2024-06-21
20240624,17.07,17.07,16.68,16.84,17.1,227701.33,385208.07,0.6299,-1.52,2024-06-24
20240625,16.88,17.02,16.68,16.81,16.84,161658.24,273289.277,0.4472,-0.18,2024-06-25
20240626,16.73,17.21,16.59,17.16,16.81,194319.92,329729.895,0.5375,2.08,2024-06-26
20240627,17.1,17.19,16.89,16.9,17.16,145555.94,248669.05,0.4026,-1.52,2024-06-27
20240628,16.88,17.22,16.87,17.13,16.9,222171.81,380980.778,0.6146,1.36,2024-06-28
20240701,17.99,18.23,17.73,17.96,17.13,660602.09,1193624.367,1.8274,4.85,2024-07-01
20240702,17.82,17.83,17.43,17.48,17.96,334753.9,591112.415,0.926,-2.67,2024-07-02
20240703,17.42,17.52,17.2,17.32,17.48,187077.16,325143.827,0.5175,-0.92,2024-07-03
20240704,17.37,17.48,16.87,16.91,17.32,194716.49,334449.573,0.5386,-2.37,2024-07-04
20240705,16.85,17.22,16.68,17.18,16.91,198953.92,339852.916,0.5503,1.6,2024-07-05
20240708,17.18,17.33,16.79,16.89,17.18,186112.25,317240.201,0.5148,-1.69,2024-07-08
20240709,16.82,17.11,16.62,17.05,16.89,191921.4,325393.65,0.5309,0.95,2024-07-09
20240710,17.0,17.3,16.94,16.95,17.05,183019.4,314801.756,0.5063,-0.59,2024-07-10
20240711,17.12,17.49,17.12,17.43,16.95,270607.6,471503.986,0.7486,2.83,2024-07-11
20240712,17.29,17.32,16.81,16.88,17.43,399796.87,679340.281,1.1059,-3.16,2024-07-12
20240715,16.79,16.94,16.63,16.86,16.88,171389.59,289210.503,0.4741,-0.12,2024-07-15
20240716,16.73,17.01,16.73,17.01,16.86,171764.91,291544.808,0.4751,0.89,2024-07-16
20240717,16.94,17.06,16.84,16.95,17.01,148299.38,252183.205,0.4102,-0.35,2024-07-17
20240718,16.93,17.08,16.71,17.05,16.95,177960.55,302456.02,0.4923,0.59,2024-07-18
20240719,17.02,17.43,16.83,17.35,17.05,324177.61,561081.652,0.8967,1.76,2024-07-19
20240722,17.23,17.72,17.23,17.55,17.35,277720.52,488253.99,0.7682,1.15,2024-07-22
20240723,17.47,17.55,16.99,17.0,17.55,187868.37,325271.871,0.5197,-3.13,2024-07-23
20240724,16.99,17.08,16.8,16.87,17.0,153512.7,260932.374,0.4246,-0.76,2024-07-24
20240725,16.85,17.07,16.76,16.91,16.87,138350.09,235566.699,0.3827,0.24,2024-07-25
20240726,16.9,17.22,16.89,17.17,16.91,139193.33,239055.913,0.385,1.54,2024-07-26
20240729,17.17,17.19,17.01,17.02,17.17,99962.05,171320.618,0.2765,-0.87,2024-07-29
20240730,16.98,17.1,16.85,17.08,17.02,105554.9,180050.032,0.292,0.35,2024-07-30
20240731,17.07,17.46,17.07,17.41,17.08,257552.53,448693.282,0.7124,1.93,2024-07-31
20240801,17.44,17.58,17.26,17.36,17.41,204226.04,356638.96,0.5649,-0.29,2024-08-01
20240802,17.25,17.51,17.19,17.4,17.36,184977.45,323097.331,0.5117,0.23,2024-08-02
20240805,17.33,17.66,17.07,17.11,17.4,235683.0,410562.324,0.6519,-1.67,2024-08-05
20240806,17.18,17.4,17.1,17.25,17.11,147073.66,254267.881,0.4068,0.82,2024-08-06
20240807,17.26,17.28,17.12,17.14,17.25,108903.3,187714.354,0.3012,-0.64,2024-08-07
20240808,17.08,17.08,16.79,16.97,17.14,166243.56,282332.149,0.4599,-0.99,2024-08-08
20240809,16.98,17.08,16.85,16.86,16.97,101787.32,173097.285,0.2816,-0.65,2024-08-09
20240812,16.84,16.89,16.74,16.75,16.86,92163.97,155407.015,0.2549,-0.65,2024-08-12
20240813,16.78,16.88,16.7,16.85,16.75,98077.03,165328.13,0.2713,0.6,2024-08-13
20240814,16.84,16.88,16.73,16.78,16.85,70912.44,119561.438,0.1962,-0.42,2024-08-14
20240815,16.75,17.01,16.65,16.9,16.78,127108.8,215565.194,0.3516,0.72,2024-08-15
20240816,16.92,17.01,16.83,16.87,16.9,85894.48,145612.74,0.2376,-0.18,2024-08-16
20240819,16.88,17.04,16.85,16.88,16.87,90952.66,154686.73,0.2516,0.06,2024-08-19
20240820,16.92,17.03,16.75,16.86,16.88,109391.68,185281.887,0.3026,-0.12,2024-08-20
20240821,16.86,16.98,16.73,16.89,16.86,96519.09,163773.898,0.267,0.18,2024-08-21
20240822,16.88,16.93,16.65,16.71,16.89,110490.07,185775.645,0.3056,-1.07,2024-08-22
20240823,16.68,16.68,16.2,16.21,16.71,184131.55,302394.186,0.5093,-2.99,2024-08-23
20240826,16.22,16.63,16.22,16.55,16.21,154267.04,255694.304,0.4267,2.1,2024-08-26
20240827,16.45,16.53,16.1,16.17,16.55,146132.21,238185.266,0.4042,-2.3,2024-08-27
20240828,16.12,16.31,16.11,16.21,16.17,86902.33,141508.374,0.2404,0.25,2024-08-28
20240829,16.2,16.8,16.14,16.6,16.21,207534.43,344988.759,0.5741,2.41,2024-08-29
20240830,16.53,16.89,16.52,16.75,16.6,195322.21,328687.035,0.5403,0.9,2024-08-30
20240902,16.69,16.85,16.54,16.65,16.75,135170.76,226649.891,0.3739,-0.6,2024-09-02
20240903,16.67,17.09,16.67,16.87,16.65,185862.53,315684.353,0.5141,1.32,2024-09-03
20240904,16.86,16.94,16.66,16.76,16.87,115997.3,195662.32,0.3209,-0.65,2024-09-04
20240905,16.83,17.05,16.79,16.87,16.76,102350.92,173717.39,0.2831,0.66,2024-09-05
20240906,16.87,16.96,16.68,16.68,16.87,77311.61,130288.22,0.2139,-1.13,2024-09-06
20240909,16.63,16.81,16.47,16.52,16.68,121491.0,202589.733,0.3361,-0.96,2024-09-09
20240910,16.51,16.72,16.2,16.37,16.52,176726.64,291466.073,0.4889,-0.91,2024-09-10
20240911,16.26,16.67,16.23,16.57,16.37,163441.3,271343.628,0.4521,1.22,2024-09-11
20240912,16.54,16.65,16.32,16.38,16.57,115541.43,190900.857,0.3196,-1.15,2024-09-12
20240913,16.37,16.48,16.1,16.1,16.38,119101.93,193908.433,0.3295,-1.71,2024-09-13
20240918,16.12,16.2,15.91,16.02,16.1,114725.3,184605.257,0.3174,-0.5,2024-09-18
20240919,16.1,16.57,15.92,16.53,16.02,224616.2,368880.846,0.6213,3.18,2024-09-19
20240920,16.53,16.58,16.37,16.57,16.53,136626.01,226265.089,0.3779,0.24,2024-09-20
20240923,16.5,16.7,16.47,16.47,16.57,85712.49,142502.274,0.2371,-0.6,2024-09-23
20240924,16.57,16.96,16.48,16.95,16.47,267400.16,450991.212,0.7397,2.91,2024-09-24
20240925,17.11,17.47,17.02,17.05,16.95,357879.99,620670.488,0.99,0.59,2024-09-25
20240926,17.05,17.63,16.99,17.63,17.05,364552.02,635696.223,1.0084,3.4,2024-09-26
20240927,17.93,18.69,17.93,18.68,17.63,517274.79,955649.664,1.4309,5.96,2024-09-27
20240930,19.71,20.55,19.71,20.55,18.68,1312275.49,2675038.804,3.63,10.01,2024-09-30
20241008,22.6,22.6,21.25,22.28,20.55,1810060.56,4029321.859,5.007,8.42,2024-10-08
20241009,22.21,22.21,20.16,20.17,22.28,1195568.25,2509377.951,3.3072,-9.47,2024-10-09
20241010,20.07,21.18,19.83,20.51,20.17,764547.2,1575405.6,2.1149,1.69,2024-10-10
20241011,20.46,20.54,19.65,19.82,20.51,460050.69,923438.636,1.2726,-3.36,2024-10-11
20241014,19.82,20.08,19.48,19.89,19.82,462513.05,919731.124,1.2794,0.35,2024-10-14
20241015,19.8,19.89,19.26,19.28,19.89,408415.54,802351.738,1.1298,-3.07,2024-10-15
20241016,19.1,19.31,18.85,19.01,19.28,377673.91,722991.446,1.0447,-1.4,2024-10-16
20241017,19.05,19.3,18.69,18.69,19.01,362790.07,689883.366,1.0036,-1.68,2024-10-17
20241018,18.69,19.59,18.53,19.22,18.69,579082.56,1106883.519,1.6019,2.84,2024-10-18
20241021,19.21,20.15,19.21,19.82,19.22,714097.69,1412898.78,1.9753,3.12,2024-10-21
20241022,19.96,20.33,19.8,19.92,19.82,590867.68,1187152.517,1.6345,0.5,2024-10-22
20241023,19.92,20.62,19.77,20.3,19.92,679167.78,1381994.243,1.8787,1.91,2024-10-23
20241024,20.18,20.43,19.9,19.94,20.3,349478.92,703357.021,0.9667,-1.77,2024-10-24
20241025,19.92,21.54,19.88,21.08,19.94,1197344.44,2508385.673,3.3121,5.72,2024-10-25
20241028,20.89,21.51,20.79,21.24,21.08,699622.55,1489773.609,1.9353,0.76,2024-10-28
20241029,21.27,21.38,20.76,20.85,21.24,633740.87,1336715.988,1.7531,-1.84,2024-10-29
20241030,21.04,21.46,20.82,21.04,20.85,635157.46,1344678.581,1.757,0.91,2024-10-30
20241031,20.85,21.76,20.74,21.37,21.04,962800.62,2063692.892,2.6633,1.57,2024-10-31
20241101,21.52,23.52,21.52,23.52,21.37,1260244.03,2930806.698,3.4861,10.06,2024-11-01
20241104,24.78,25.16,23.08,23.75,23.52,3019195.77,7304768.796,8.3517,0.98,2024-11-04
20241105,23.09,26.1,22.92,25.49,23.75,2690288.27,6642875.679,7.4419,7.33,2024-11-05
20241106,25.29,27.43,24.5,26.54,25.49,3096428.91,8011034.934,8.5653,4.12,2024-11-06
20241107,26.64,27.74,25.76,26.5,26.54,2399593.8,6431536.601,6.6378,-0.15,2024-11-07
20241108,26.5,27.04,25.7,25.73,26.5,2050439.35,5422917.654,5.6719,-2.91,2024-11-08
20241111,25.31,26.0,25.18,25.73,25.73,1280029.88,3286594.885,3.5408,0.0,2024-11-11
20241112,25.74,26.07,24.86,25.06,25.73,1262909.65,3218875.659,3.4935,-2.6,2024-11-12
20241113,25.03,26.29,24.97,25.45,25.06,1231523.64,3178078.785,3.4066,1.56,2024-11-13
20241114,25.08,25.22,24.0,24.03,25.45,1145621.53,2821662.076,3.169,-5.58,2024-11-14
20241115,23.99,24.14,23.22,23.23,24.03,812327.52,1927464.066,2.2471,-3.33,2024-11-15
20241118,23.21,23.46,22.51,22.72,23.23,703063.02,1617691.083,1.9448,-2.2,2024-11-18
20241119,22.84,23.26,22.43,23.12,22.72,665979.9,1529881.456,1.8422,1.76,2024-11-19
20241120,23.13,23.49,23.01,23.33,23.12,610553.26,1428097.825,1.6889,0.91,2024-11-20
20241121,23.32,23.47,22.96,23.17,23.33,487461.78,1135699.996,1.3484,-0.69,2024-11-21
20241122,23.26,24.48,22.62,23.54,23.17,1409586.72,3338671.182,3.8992,1.6,2024-11-22
20241125,23.31,23.7,22.69,22.94,23.54,806409.2,1873418.831,2.2307,-2.55,2024-11-25
20241126,22.88,23.66,22.69,22.7,22.94,496069.38,1146593.805,1.3722,-1.05,2024-11-26
20241127,22.52,22.86,21.86,22.85,22.7,652624.05,1460539.24,1.8053,0.66,2024-11-27
20241128,22.77,22.84,22.41,22.44,22.85,389298.69,884654.446,1.0769,-1.79,2024-11-28
20241129,22.41,22.98,22.25,22.76,22.44,520197.46,1182689.615,1.439,1.43,2024-11-29
20241202,22.61,23.29,22.59,23.26,22.76,618006.29,1429491.25,1.7095,2.2,2024-12-02
20241203,23.29,23.75,23.17,23.37,23.26,724993.47,1706114.573,2.0055,0.47,2024-12-03
20241204,23.88,24.05,23.28,23.42,23.37,692224.07,1638714.434,1.9148,0.21,2024-12-04
20241205,23.16,23.19,22.87,22.99,23.42,479228.3,1105952.586,1.3256,-1.84,2024-12-05
20241206,22.98,23.15,22.75,23.08,22.99,398087.74,918815.792,1.1012,0.39,2024-12-06
20241209,23.08,23.27,22.64,22.79,23.08,377109.63,867208.048,1.0432,-1.26,2024-12-09
20241210,23.27,23.38,22.86,22.87,22.79,547077.76,1271899.715,1.5133,0.35,2024-12-10
20241211,22.79,23.04,22.71,22.93,22.87,281486.49,646590.795,0.7786,0.26,2024-12-11
20241212,22.93,23.01,22.61,22.87,22.93,339998.42,777230.198,0.9405,-0.26,2024-12-12
20241213,22.71,22.78,22.24,22.29,22.87,404627.6,911979.981,1.1193,-2.54,2024-12-13
20241216,22.28,22.28,21.91,21.98,22.29,280406.99,620402.079,0.7757,-1.39,2024-12-16
20241217,21.99,22.24,21.93,21.94,21.98,277641.51,614805.891,0.768,-0.18,2024-12-17
20241218,21.95,22.11,21.91,22.0,21.94,205800.23,455082.216,0.5693,0.27,2024-12-18
20241219,21.88,22.13,21.59,22.11,22.0,266987.99,587681.058,0.7385,0.5,2024-12-19
20241220,22.11,22.26,21.95,21.96,22.11,317620.38,704562.157,0.8786,-0.68,2024-12-20
20241223,22.03,22.06,21.61,21.71,21.96,272011.56,595748.098,0.7524,-1.14,2024-12-23
20241224,21.71,21.9,21.66,21.83,21.71,180597.99,394984.815,0.4996,0.55,2024-12-24
20241225,21.84,21.84,21.33,21.46,21.83,229831.05,496609.894,0.6358,-1.69,2024-12-25
20241226,21.41,21.78,21.41,21.58,21.46,174562.58,379012.343,0.4829,0.56,2024-12-26
20241227,21.57,21.82,21.5,21.55,21.58,218104.24,474353.619,0.6033,-0.14,2024-12-27
20241230,21.57,21.76,21.56,21.69,21.55,194409.12,422682.562,0.5378,0.65,2024-12-30
20241231,21.68,21.71,21.14,21.14,21.69,273856.76,588309.765,0.7575,-2.54,2024-12-31
20250102,21.15,21.2,20.18,20.41,21.14,416255.7,862467.796,1.1514,-3.45,2025-01-02
20250103,20.48,20.95,20.17,20.25,20.41,362199.99,747913.529,1.0019,-0.78,2025-01-03
20250106,20.19,21.17,20.18,20.74,20.25,483941.1,1009227.462,1.3387,2.42,2025-01-06
20250107,20.91,22.11,20.74,21.38,20.74,712260.5,1536995.802,1.9703,3.09,2025-01-07
20250108,21.15,21.26,20.45,20.96,21.38,425957.06,892301.859,1.1783,-1.96,2025-01-08
20250109,20.87,21.35,20.87,21.08,20.96,337780.83,716950.263,0.9344,0.57,2025-01-09
20250110,21.21,21.59,20.84,21.06,21.08,459101.18,976855.704,1.27,-0.09,2025-01-10
20250113,20.85,21.44,20.72,21.22,21.06,392644.69,835211.681,1.0861,0.76,2025-01-13
20250114,21.28,22.01,20.99,21.99,21.22,631569.19,1377239.794,1.747,3.63,2025-01-14
20250115,21.99,22.09,21.52,21.8,21.99,440709.69,963458.772,1.2191,-0.86,2025-01-15
20250116,21.81,22.06,21.57,21.8,21.8,384436.83,842603.123,1.0634,0.0,2025-01-16
20250117,21.76,22.0,21.49,21.88,21.8,376255.27,821661.857,1.0408,0.37,2025-01-17
20250120,21.91,21.91,21.26,21.31,21.88,478825.63,1030704.737,1.3245,-2.61,2025-01-20
20250121,21.35,21.41,20.72,21.08,21.31,363629.84,765396.343,1.0059,-1.08,2025-01-21
20250122,20.93,21.19,20.87,20.98,21.08,201500.9,425385.916,0.5574,-0.47,2025-01-22
20250123,21.12,21.81,21.12,21.2,20.98,462833.75,998792.937,1.2803,1.05,2025-01-23
20250124,21.15,21.49,21.11,21.44,21.2,281309.52,603119.148,0.7782,1.13,2025-01-24
20250127,21.44,21.53,20.97,20.97,21.44,250943.0,533553.216,0.6942,-2.19,2025-01-27
20250205,21.37,21.74,21.18,21.54,20.97,457469.55,987592.513,1.2655,2.72,2025-02-05
20250206,21.56,23.69,21.46,23.33,21.54,1341488.38,3057969.038,3.7108,8.31,2025-02-06
20250207,23.11,23.34,22.81,23.02,23.33,893306.66,2069534.848,2.4711,-1.33,2025-02-07
20250210,23.03,23.21,22.74,23.17,23.02,572472.8,1322187.011,1.5836,0.65,2025-02-10
20250211,23.1,23.27,22.86,23.01,23.17,445035.4,1027214.813,1.2311,-0.69,2025-02-11
20250212,22.96,22.96,22.61,22.93,23.01,456490.6,1044051.084,1.2627,-0.35,2025-02-12
20250213,22.84,23.09,22.53,22.59,22.93,399607.99,911936.798,1.1054,-1.48,2025-02-13
20250214,22.53,22.91,22.51,22.66,22.59,315770.21,718899.89,0.8735,0.31,2025-02-14
20250217,22.56,22.82,22.33,22.8,22.66,375083.96,853143.02,1.0376,0.62,2025-02-17
20250218,22.79,22.85,22.36,22.42,22.8,380553.03,862559.715,1.0527,-1.67,2025-02-18
20250219,22.41,23.0,22.38,22.89,22.42,476951.18,1088970.798,1.3193,2.1,2025-02-19
20250220,23.32,23.75,23.04,23.24,22.89,1069196.89,2518743.895,2.9576,1.53,2025-02-20
20250221,23.11,23.31,22.95,23.05,23.24,511594.79,1184166.251,1.4152,-0.82,2025-02-21
20250224,23.07,23.27,22.86,22.97,23.05,411202.82,951772.677,1.1375,-0.35,2025-02-24
20250225,22.81,22.96,22.66,22.71,22.97,347936.56,795567.7,0.9625,-1.13,2025-02-25
20250226,22.67,22.82,22.57,22.72,22.71,352346.01,802008.546,0.9747,0.04,2025-02-26
20250227,22.72,22.93,22.16,22.49,22.72,417396.82,941804.882,1.1546,-1.01,2025-02-27
20250228,22.41,22.63,22.15,22.28,22.49,379291.8,853013.817,1.0492,-0.93,2025-02-28
20250303,22.77,23.29,22.73,22.91,22.28,706951.92,1631122.789,1.9556,2.83,2025-03-03
20250304,22.92,23.21,22.74,23.0,22.91,528877.55,1221168.045,1.463,0.39,2025-03-04
20250305,23.0,23.0,22.41,22.66,23.0,415887.03,942378.484,1.1504,-1.48,2025-03-05
20250306,22.66,22.97,22.56,22.85,22.66,453595.18,1036395.546,1.2547,0.84,2025-03-06
20250307,22.77,23.46,22.72,23.07,22.85,702724.44,1633174.232,1.9439,0.96,2025-03-07
20250310,23.19,23.29,22.85,23.03,23.07,379369.96,876027.15,1.0494,-0.17,2025-03-10
20250311,22.83,23.97,22.71,23.95,23.03,1279119.61,3025563.244,3.5383,3.99,2025-03-11
20250312,23.79,23.8,23.31,23.37,23.95,763615.91,1802255.869,2.1123,-2.42,2025-03-12
20250313,23.29,23.45,23.02,23.18,23.37,403736.96,938371.144,1.1168,-0.81,2025-03-13
20250314,23.4,23.56,23.15,23.42,23.18,537247.37,1261189.127,1.4861,1.04,2025-03-14
20250317,23.5,23.52,23.19,23.41,23.42,327429.65,765782.581,0.9057,-0.04,2025-03-17
20250318,23.42,23.77,23.37,23.5,23.41,456480.85,1080802.381,1.2627,0.38,2025-03-18
20250319,23.49,23.63,23.12,23.48,23.5,379274.57,888828.263,1.0491,-0.09,2025-03-19
20250320,23.37,23.54,23.14,23.16,23.48,288626.48,676434.638,0.7984,-1.36,2025-03-20
20250321,23.13,23.14,22.36,22.45,23.16,443842.44,1011580.463,1.2278,-3.07,2025-03-21
20250324,22.31,22.66,22.26,22.58,22.45,264580.07,596909.069,0.7319,0.58,2025-03-24
20250325,22.61,22.9,22.5,22.78,22.58,258346.46,590318.759,0.7146,0.89,2025-03-25
20250326,22.8,23.35,22.76,23.25,22.78,479815.05,1115753.145,1.3273,2.06,2025-03-26
20250327,23.15,23.43,23.01,23.21,23.25,300099.83,698722.69,0.8301,-0.17,2025-03-27
20250328,23.21,23.35,22.71,23.09,23.21,376505.42,867477.397,1.0415,-0.52,2025-03-28
20250331,23.11,23.11,22.43,22.57,23.09,299465.89,681807.165,0.8284,-2.25,2025-03-31
20250401,22.51,22.77,22.5,22.73,22.57,171913.56,391012.222,0.4755,0.71,2025-04-01
20250402,22.69,22.87,22.59,22.63,22.73,163454.54,372729.856,0.4521,-0.44,2025-04-02
20250403,22.81,23.04,22.62,22.8,22.63,310694.6,711855.222,0.8594,0.75,2025-04-03
20250407,22.86,24.9,21.12,22.68,22.8,1727113.78,4035518.671,4.7775,-0.53,2025-04-07
20250408,22.3,23.92,21.18,23.84,22.68,1722739.64,3976951.826,4.7654,5.11,2025-04-08
20250409,24.09,25.66,23.37,25.2,23.84,2184209.03,5392619.16,6.042,5.7,2025-04-09
20250410,25.09,25.58,24.27,24.85,25.2,1819798.15,4565412.355,5.0339,-1.39,2025-04-10
20250411,25.25,25.3,24.18,24.62,24.85,1210433.94,2990920.816,3.3483,-0.93,2025-04-11
20250414,24.3,24.72,24.03,24.28,24.62,894145.28,2183975.578,2.4734,-1.38,2025-04-14
20250415,24.31,24.39,23.76,23.94,24.28,603139.87,1450787.992,1.6684,-1.4,2025-04-15
20250416,24.02,24.3,23.85,24.22,23.94,589162.25,1428165.235,1.6297,1.17,2025-04-16
20250417,24.23,24.26,23.76,23.92,24.22,534044.57,1282030.85,1.4773,-1.24,2025-04-17
20250418,23.71,23.74,23.17,23.46,23.92,533954.77,1253535.609,1.477,-1.92,2025-04-18
20250421,23.31,23.51,23.23,23.48,23.46,333454.19,784622.421,0.9224,0.09,2025-04-21
20250422,23.5,23.51,23.06,23.07,23.48,421849.88,980349.573,1.1669,-1.75,2025-04-22
20250423,23.07,23.64,23.07,23.41,23.07,489670.3,1148336.018,1.3545,1.47,2025-04-23
20250424,23.51,23.6,22.91,22.91,23.41,406086.23,942744.906,1.1233,-2.14,2025-04-24
20250425,22.91,23.25,22.83,23.05,22.91,287504.66,664402.056,0.7953,0.61,2025-04-25
20250428,23.21,23.51,23.15,23.33,23.05,412421.69,967684.111,1.1408,1.21,2025-04-28
20250429,23.36,23.36,23.04,23.15,23.33,228509.64,531007.748,0.6321,-0.77,2025-04-29
20250430,23.36,23.46,23.16,23.2,23.15,303297.75,708486.575,0.839,0.22,2025-04-30
20250506,23.64,24.73,23.63,24.47,23.2,1186813.73,2902931.214,3.283,5.47,2025-05-06
20250507,24.6,24.64,23.97,24.12,24.47,707843.82,1718711.677,1.958,-1.43,2025-05-07
20250508,24.12,24.23,23.92,24.15,24.12,383566.26,928694.801,1.061,0.12,2025-05-08
20250509,24.16,24.4,23.97,24.28,24.15,492429.07,1197107.963,1.3622,0.54,2025-05-09
20250512,24.41,24.65,24.05,24.46,24.28,658233.11,1611820.722,1.8208,0.74,2025-05-12
20250513,24.72,24.77,24.05,24.05,24.46,575996.01,1402676.21,1.5933,-1.68,2025-05-13
20250514,24.0,24.85,23.94,24.33,24.05,910174.54,2239946.642,2.5177,1.16,2025-05-14
20250515,24.41,25.15,24.36,24.56,24.33,1233414.53,3065243.905,3.4119,0.95,2025-05-15
20250516,24.41,24.66,24.06,24.13,24.56,695105.87,1693023.308,1.9228,-1.75,2025-05-16
20250519,24.08,24.1,23.58,23.67,24.13,516181.54,1228494.088,1.4279,-1.91,2025-05-19
20250520,23.66,23.92,23.51,23.7,23.67,553341.27,1317093.614,1.5307,0.13,2025-05-20
20250521,23.61,23.67,23.52,23.63,23.7,293617.94,695504.359,0.8122,-0.3,2025-05-21
20250522,23.63,23.64,23.23,23.26,23.63,366309.65,861073.818,1.0133,-1.57,2025-05-22
20250523,23.31,23.49,23.09,23.12,23.26,331985.96,776459.692,0.9183,-0.6,2025-05-23
20250526,23.12,23.42,23.03,23.32,23.12,252478.62,589949.192,0.6984,0.87,2025-05-26
20250527,23.31,23.31,23.05,23.15,23.32,195021.71,453268.565,0.5395,-0.73,2025-05-27
20250528,23.15,23.17,22.92,22.94,23.15,229644.75,530427.658,0.6352,-0.91,2025-05-28
20250529,23.01,23.31,22.96,23.24,22.94,257638.5,599423.267,0.7127,1.31,2025-05-29
20250530,23.15,23.21,23.03,23.18,23.24,187643.9,435863.173,0.5191,-0.26,2025-05-30
20250603,23.18,23.7,23.18,23.56,23.18,500039.9,1181463.425,1.3832,1.64,2025-06-03
20250604,23.51,24.18,23.42,24.0,23.56,678194.04,1629355.339,1.876,1.87,2025-06-04
20250605,23.98,24.27,23.79,23.91,24.0,576783.85,1390862.584,1.5955,-0.37,2025-06-05
20250606,24.06,24.17,23.88,23.96,23.91,341990.69,824012.879,0.946,0.21,2025-06-06
20250609,24.26,24.86,24.11,24.67,23.96,1161481.65,2863688.319,3.2129,2.96,2025-06-09
20250610,24.77,25.14,24.25,24.6,24.67,1088925.84,2697554.006,3.0122,-0.28,2025-06-10
20250611,24.52,25.78,24.51,25.45,24.6,1760683.67,4471109.289,4.8704,3.46,2025-06-11
20250612,25.48,25.5,24.92,25.27,25.45,984523.87,2483227.39,2.7234,-0.71,2025-06-12
20250613,25.27,25.27,24.66,25.0,25.27,966359.15,2419993.915,2.6731,-1.07,2025-06-13
20250616,24.98,25.63,24.78,25.37,25.0,979385.11,2487123.152,2.7092,1.48,2025-06-16
20250617,25.34,25.64,25.01,25.08,25.37,607440.23,1536846.041,1.6803,-1.14,2025-06-17
20250618,24.91,25.0,24.5,24.65,25.08,636158.12,1574775.828,1.7597,-1.71,2025-06-18
20250619,24.64,24.68,24.04,24.1,24.65,484550.57,1180427.29,1.3404,-2.23,2025-06-19
20250620,24.22,24.32,23.83,23.9,24.1,346614.1,835922.67,0.9588,-0.83,2025-06-20
20250623,23.78,24.1,23.73,24.01,23.9,334145.5,804110.76,0.9243,0.46,2025-06-23
20250624,24.03,24.35,23.88,24.28,24.01,416274.46,1011828.439,1.1515,1.12,2025-06-24
20250625,24.31,24.58,24.19,24.57,24.28,543371.87,1332354.086,1.5031,1.19,2025-06-25
20250626,24.56,24.56,24.2,24.21,24.57,454379.77,1108892.619,1.2569,-1.47,2025-06-26
20250627,24.26,24.63,24.24,24.33,24.21,473121.1,1158307.632,1.3087,0.5,2025-06-27
20250630,24.47,24.99,24.34,24.83,24.33,745409.39,1848887.461,2.062,2.06,2025-06-30
20250701,24.83,24.84,24.56,24.79,24.83,423516.03,1048153.349,1.1715,-0.16,2025-07-01
20250702,24.73,24.73,24.48,24.51,24.79,361957.41,892070.679,1.0012,-1.13,2025-07-02
20250703,24.51,24.6,24.32,24.56,24.51,340351.14,834990.68,0.9415,0.2,2025-07-03
20250704,24.5,24.56,24.23,24.35,24.56,352138.55,859928.557,0.9741,-0.86,2025-07-04
20250707,24.38,24.51,24.26,24.35,24.35,243470.74,594617.343,0.6735,0.0,2025-07-07
20250708,24.36,24.98,24.36,24.82,24.35,634236.89,1576214.13,1.7544,1.93,2025-07-08
20250709,24.83,24.88,24.43,24.48,24.82,416130.66,1027281.094,1.1511,-1.37,2025-07-09
20250710,26.43,26.94,25.63,26.94,24.48,2969522.15,7843432.262,8.2143,10.05,2025-07-10
20250711,28.52,29.63,27.92,29.63,26.94,3426386.35,10049066.044,9.4781,9.99,2025-07-11
20250714,30.9,31.81,29.63,29.8,29.63,4735026.48,14471094.718,13.098,0.57,2025-07-14
20250715,29.93,30.6,28.77,28.92,29.8,3107707.68,9199760.565,8.5965,-2.95,2025-07-15
20250716,29.07,29.7,28.73,28.96,28.92,1951710.14,5687801.732,5.3988,0.14,2025-07-16
20250717,28.72,30.41,28.15,29.92,28.96,2498923.67,7347899.454,6.9125,3.31,2025-07-17
20250718,29.92,32.91,29.75,32.87,29.92,4587973.95,14703656.587,12.6913,9.86,2025-07-18
20250721,32.91,35.65,31.94,34.95,32.87,4291503.27,14664140.397,11.8712,6.33,2025-07-21
20250722,34.42,35.54,33.94,34.28,34.95,3082476.72,10650063.639,8.5268,-1.92,2025-07-22
20250723,34.03,35.99,33.49,34.89,34.28,3279374.85,11540094.504,9.0714,1.78,2025-07-23
20250724,34.59,38.38,34.54,38.03,34.89,4216111.45,15638209.496,11.6626,9.0,2025-07-24
20250725,38.09,39.54,36.89,38.14,38.03,4116603.35,15605924.617,11.3874,0.29,2025-07-25
20250728,38.05,40.31,37.91,39.95,38.14,3341710.85,13148038.244,9.2438,4.75,2025-07-28
20250729,39.19,39.85,38.78,39.32,39.95,2411142.98,9488163.063,6.6697,-1.58,2025-07-29
20250730,39.54,39.84,37.79,39.48,39.32,3518200.85,13724147.377,9.7321,0.41,2025-07-30
20250731,38.33,38.6,37.05,37.4,39.48,2790670.04,10529949.961,7.7196,-5.27,2025-07-31
20250801,37.2,37.3,35.79,35.9,37.4,2589808.13,9427932.555,7.1639,-4.01,2025-08-01
20250804,35.6,36.25,35.6,36.2,35.9,1574355.42,5677354.057,4.355,0.84,2025-08-04
20250805,36.34,36.57,35.85,36.35,36.2,1335879.75,4848497.952,3.6953,0.41,2025-08-05
20250806,36.35,36.88,35.98,36.51,36.35,1585074.2,5788926.432,4.3846,0.44,2025-08-06
20250807,36.51,39.28,35.43,38.7,36.51,3956604.81,14849263.679,10.9448,6.0,2025-08-07
20250808,37.9,39.65,37.76,38.58,38.7,2788756.13,10811443.905,7.7143,-0.31,2025-08-08
20250811,38.57,39.09,37.78,38.54,38.58,2081154.1,7998001.788,5.7569,-0.1,2025-08-11
20250812,37.99,38.19,36.92,37.37,38.54,1929214.01,7251906.854,5.3366,-3.04,2025-08-12
20250813,37.37,37.7,37.23,37.49,37.37,1504456.61,5643577.169,4.1616,0.32,2025-08-13
20250814,37.45,39.17,37.11,38.24,37.49,2867926.43,10997406.954,7.9333,2.0,2025-08-14
20250815,37.9,39.11,37.81,38.89,38.24,2371228.92,9220773.528,6.5593,1.7,2025-08-15
20250818,39.59,42.78,38.44,42.78,38.89,2861184.37,11749317.545,7.9146,10.0,2025-08-18
20250819,44.05,46.87,43.78,44.33,42.78,4767207.92,21530767.178,13.1871,3.62,2025-08-19
20250820,43.88,46.41,43.88,45.3,44.33,3585606.28,16263427.144,9.9185,2.19,2025-08-20
20250821,44.83,47.29,44.21,44.48,45.3,3210377.85,14624628.783,8.8806,-1.81,2025-08-21
20250822,44.46,48.3,44.45,47.82,44.48,3937369.13,18594150.613,10.8916,7.51,2025-08-22
20250825,48.86,52.6,48.62,52.54,47.82,4429790.43,22778383.405,12.2537,9.87,2025-08-25
20250826,51.86,51.86,48.57,48.97,52.54,4072813.88,20301734.056,11.2662,-6.79,2025-08-26
20250827,49.86,53.87,48.97,53.31,48.97,5318084.25,27779954.615,14.7109,8.86,2025-08-27
20250828,52.55,56.83,52.06,55.98,53.31,4721495.19,26038945.349,13.0606,5.01,2025-08-28
20250829,55.99,58.67,54.0,56.65,55.98,3765906.91,21548899.816,10.4173,1.2,2025-08-29
20250901,56.67,57.85,54.18,56.39,56.65,2748413.8,15488821.287,7.6027,-0.46,2025-09-01
20250902,55.8,55.94,53.44,53.51,56.39,2971571.19,16216667.052,8.22,-5.11,2025-09-02
20250903,53.51,55.84,52.55,53.55,53.51,2777905.91,15071901.41,7.6842,0.07,2025-09-03
20250904,52.85,54.25,48.2,49.35,53.55,3548194.54,18092968.283,9.815,-7.84,2025-09-04
20250905,49.26,51.06,48.34,50.47,49.35,2280450.61,11360696.31,6.3082,2.27,2025-09-05
20250908,50.47,51.04,49.13,49.69,50.47,1630365.67,8147080.331,4.5099,-1.55,2025-09-08
20250909,49.56,51.36,48.57,49.38,49.69,2344585.39,11794448.746,6.4856,-0.62,2025-09-09
20250910,48.76,50.78,48.6,49.22,49.38,1805790.04,8996601.585,4.9952,-0.32,2025-09-10
20250911,48.86,50.86,48.55,50.42,49.22,2334589.42,11732637.601,6.4579,2.44,2025-09-11
20250912,50.51,53.45,50.21,53.44,50.42,3397859.42,17713027.899,9.3992,5.99,2025-09-12
20250915,53.84,53.84,51.88,52.12,53.44,2295593.52,12054837.818,6.3501,-2.47,2025-09-15
20250916,51.6,51.78,49.06,50.02,52.12,2396927.0,12009953.084,6.6304,-4.03,2025-09-16
20250917,49.26,50.36,48.97,50.2,50.02,1413849.59,7036657.182,3.911,0.36,2025-09-17
20250918,49.86,49.87,47.12,47.97,50.2,2063004.3,10079983.775,5.7067,-4.44,2025-09-18
20250919,47.67,48.69,46.92,46.92,47.97,1414086.13,6791337.379,3.9116,-2.19,2025-09-19
20250922,46.67,48.56,46.53,47.93,46.92,1510820.71,7200868.463,4.1792,2.15,2025-09-22
20250923,47.55,48.13,44.93,45.9,47.93,1822232.43,8448263.917,5.0407,-4.24,2025-09-23
20250924,45.82,46.87,45.7,46.41,45.9,1204385.31,5593249.116,3.3316,1.11,2025-09-24
20250925,46.52,47.72,46.18,47.15,46.41,1483750.65,7024621.41,4.1044,1.59,2025-09-25
20250926,47.84,48.22,46.11,46.26,47.15,1315573.33,6223293.428,3.6391,-1.89,2025-09-26
20250929,46.26,46.79,45.65,46.52,46.26,1085715.72,5034880.117,3.0033,0.56,2025-09-29
20250930,46.69,48.67,46.69,48.17,46.52,1878309.44,9044197.701,5.1958,3.55,2025-09-30
20251009,49.71,52.98,48.44,52.98,48.17,3402319.85,17490655.035,9.4115,9.99,2025-10-09
20251010,54.55,54.55,51.56,52.34,52.98,3216185.03,17093658.89,8.8966,-1.21,2025-10-10
20251013,54.35,57.57,53.75,57.57,52.34,3802625.85,21455755.884,10.5188,9.99,2025-10-13
20251014,57.84,61.52,55.95,56.64,57.57,4277700.81,25114276.847,11.833,-1.62,2025-10-14
20251015,56.82,57.5,52.85,54.35,56.64,3031161.77,16616574.094,8.3848,-4.04,2025-10-15
20251016,53.22,54.73,52.75,53.0,54.35,1642749.87,8804763.695,4.5442,-2.48,2025-10-16
20251017,53.01,54.75,52.48,52.85,53.0,1749068.71,9380893.003,4.8383,-0.28,2025-10-17
20251020,51.88,53.24,50.88,52.08,52.85,1526072.98,7974298.994,4.2214,-1.46,2025-10-20
20251021,52.09,52.44,51.21,52.21,52.08,1387489.6,7222619.868,3.8381,0.25,2025-10-21
20251022,51.26,51.27,49.73,50.65,52.21,1443781.11,7315098.729,3.9938,-2.99,2025-10-22
20251023,50.22,50.63,48.76,49.61,50.65,1127998.3,5582383.956,3.1203,-2.05,2025-10-23
20251024,49.67,51.24,49.67,51.05,49.61,1291279.9,6575582.269,3.5719,2.9,2025-10-24
20251027,51.16,54.04,50.92,53.16,51.05,2196646.64,11672639.009,6.0764,4.13,2025-10-27
20251028,53.18,53.24,50.76,50.93,53.16,1994495.32,10298512.165,5.5172,-4.19,2025-10-28
20251029,50.26,51.69,50.06,51.68,50.93,1337106.51,6843369.549,3.6987,1.47,2025-10-29
20251030,51.69,55.35,50.57,52.85,51.68,2657256.59,14140354.024,7.3505,2.26,2025-10-30
20251031,51.89,52.36,50.39,50.67,52.85,1509967.89,7716464.496,4.1769,-4.12,2025-10-31
20251103,50.64,50.65,47.83,48.76,50.67,1388577.49,6787558.876,3.8411,-3.77,2025-11-03
20251104,48.7,49.81,48.27,48.96,48.76,813235.93,3997303.914,2.2496,0.41,2025-11-04
20251105,48.07,48.34,46.87,47.64,48.96,1068955.89,5089307.829,2.9569,-2.7,2025-11-05
20251106,47.58,48.06,47.42,47.86,47.64,816854.29,3909234.879,2.2596,0.46,2025-11-06
20251107,47.87,49.26,47.08,48.14,47.86,1098695.1,5317051.796,3.0392,0.59,2025-11-07
20251110,48.84,49.06,47.4,47.67,48.14,775658.32,3733903.562,2.1456,-0.98,2025-11-10
20251111,47.66,47.95,46.33,46.47,47.67,900559.64,4227372.136,2.4911,-2.52,2025-11-11
20251112,46.47,46.47,44.92,45.45,46.47,836706.13,3821659.68,2.3145,-2.19,2025-11-12
20251113,45.37,47.1,45.28,46.63,45.45,1035231.09,4819936.705,2.8637,2.6,2025-11-13
20251114,46.15,47.43,45.58,46.63,46.63,809217.72,3776976.866,2.2385,0.0,2025-11-14
20251117,46.87,47.61,46.67,47.12,46.63,727963.54,3435460.324,2.0137,1.05,2025-11-17
20251118,47.07,47.11,45.42,45.77,47.12,702089.31,3241397.608,1.9421,-2.87,2025-11-18
20251119,45.69,47.1,45.47,46.44,45.77,778412.41,3605781.616,2.1532,1.46,2025-11-19
20251120,45.9,47.62,45.88,46.72,46.44,910940.69,4296435.184,2.5198,0.6,2025-11-20
20251121,45.87,45.87,43.97,43.98,46.72,1010062.14,4519135.083,2.794,-5.86,2025-11-21
20251124,44.28,45.09,43.38,44.72,43.98,852644.52,3780392.177,2.3586,1.68,2025-11-24
20251125,44.74,45.57,44.44,44.93,44.72,644507.77,2909920.776,1.7828,0.47,2025-11-25
20251126,44.78,44.98,44.24,44.43,44.93,508080.43,2270306.058,1.4055,-1.11,2025-11-26
20251127,44.58,45.31,44.22,44.31,44.43,628490.38,2825468.348,1.7385,-0.27,2025-11-27
20251128,44.32,44.95,43.92,44.88,44.31,560217.18,2501704.082,1.5497,1.29,2025-11-28
20251201,45.77,47.46,45.77,47.44,44.88,1685074.7,7939151.557,4.6613,5.7,2025-12-01
20251202,47.37,47.37,45.91,46.27,47.44,855246.22,3978219.201,2.3658,-2.47,2025-12-02
20251203,46.5,48.53,46.33,47.09,46.27,1440564.89,6853043.648,3.9849,1.77,2025-12-03
20251204,46.68,46.79,45.88,46.53,47.09,761372.69,3532742.055,2.1061,-1.19,2025-12-04
20251205,46.8,47.72,46.15,47.2,46.53,896107.89,4216919.494,2.4788,1.44,2025-12-05
20251208,47.2,47.4,46.45,47.05,47.2,827958.25,3894501.556,2.2903,-0.32,2025-12-08
20251209,46.87,47.32,46.36,46.73,47.05,631762.44,2959314.02,1.7476,-0.68,2025-12-09
20251210,46.75,46.75,45.68,46.27,46.73,601900.81,2780431.861,1.665,-0.98,2025-12-10
20251211,46.28,46.54,45.53,45.67,46.27,581743.61,2682929.963,1.6092,-1.3,2025-12-11
20251212,45.77,46.46,44.97,46.46,45.67,749527.16,3421469.591,2.0733,1.73,2025-12-12
20251215,45.62,45.95,45.07,45.11,46.46,544484.49,2481073.781,1.5062,-2.91,2025-12-15
20251216,44.8,44.8,43.4,44.26,45.11,728286.36,3207950.443,2.0146,-1.88,2025-12-16
20251217,43.97,44.82,43.63,44.63,44.26,534491.53,2369968.998,1.4785,0.84,2025-12-17
20251218,44.26,45.29,43.99,43.99,44.63,480701.95,2147019.386,1.3297,-1.43,2025-12-18
20251219,44.01,45.37,44.01,45.37,43.99,811829.72,3651891.745,2.2457,3.14,2025-12-19
20251222,45.13,45.6,44.93,45.42,45.37,574735.26,2615541.843,1.5898,0.11,2025-12-22
20251223,45.67,45.86,44.99,45.33,45.42,541473.28,2467206.269,1.4978,-0.2,2025-12-23
20251224,45.45,45.6,45.14,45.49,45.33,418320.6,1904528.965,1.1572,0.35,2025-12-24
20251225,45.37,46.05,45.03,45.9,45.49,654199.31,2990039.877,1.8096,0.9,2025-12-25
20251226,45.87,46.29,45.5,45.98,45.9,648555.11,2990839.651,1.794,0.17,2025-12-26
20251229,46.13,46.77,45.45,45.64,45.98,660169.64,3041686.027,1.8262,-0.74,2025-12-29
20251230,45.05,46.43,44.76,45.84,45.64,636418.51,2926406.038,1.7605,0.44,2025-12-30
20251231,45.82,46.72,45.57,45.99,45.84,710915.48,3290453.519,1.9665,0.33,2025-12-31
20260105,45.99,46.87,45.99,46.72,45.99,824058.72,3856487.349,2.2795,1.59,2026-01-05
20260106,46.88,48.75,46.68,48.02,46.72,1423825.57,6845548.443,3.9386,2.78,2026-01-06
20260107,49.16,51.01,48.13,50.36,48.02,2713314.96,13535983.09,7.5056,4.87,2026-01-07
20260108,49.63,49.63,48.19,48.58,50.36,1609200.38,7870736.862,4.4514,-3.53,2026-01-08
20260109,48.37,50.03,48.2,49.27,48.58,1439996.45,7136097.571,3.9833,1.42,2026-01-09
20260112,49.97,52.72,49.77,52.34,49.27,2302414.32,11808396.477,6.3689,6.23,2026-01-12
20260113,52.35,52.54,50.46,50.67,52.34,1518109.25,7794081.525,4.1994,-3.19,2026-01-13
20260114,50.36,52.35,48.92,49.69,50.67,1779669.52,9009464.001,4.9229,-1.93,2026-01-14
20260115,49.68,51.34,49.62,50.29,49.69,1119144.91,5666205.369,3.0958,1.21,2026-01-15
20260116,50.31,52.06,50.07,50.86,50.29,1507465.41,7759254.161,4.17,1.13,2026-01-16
20260119,50.86,52.15,50.15,50.93,50.86,1216331.76,6257550.923,3.3646,0.14,2026-01-19
20260120,50.96,51.42,48.63,49.48,50.93,1205924.15,5981674.735,3.3358,-2.85,2026-01-20
20260121,49.02,50.66,48.88,49.81,49.48,873292.19,4369648.262,2.4157,0.67,2026-01-21
20260122,49.8,50.86,49.55,49.96,49.81,935686.49,4703990.854,2.5883,0.3,2026-01-22
20260123,50.37,50.73,49.56,50.32,49.96,971497.78,4879588.868,2.6874,0.72,2026-01-23
20260126,50.54,51.84,50.47,51.58,50.32,1839390.1,9455786.478,5.0881,2.5,2026-01-26
20260127,51.66,52.53,50.0,50.61,51.58,1471679.28,7556111.926,4.071,-1.88,2026-01-27
20260128,50.36,52.85,49.56,52.74,50.61,2553971.39,13238609.203,7.0648,4.21,2026-01-28
20260129,53.84,57.99,52.62,55.96,52.74,3896265.32,21625053.14,10.7779,6.11,2026-01-29
20260130,53.85,54.65,50.44,51.45,55.96,2280318.66,11901251.511,6.3078,-8.06,2026-01-30
20260202,48.88,49.89,47.47,47.53,51.45,1578065.68,7697893.988,4.3652,-7.62,2026-02-02
20260203,48.68,50.68,47.67,50.67,47.53,1538190.62,7592945.91,4.2549,6.61,2026-02-03
20260204,50.85,52.01,50.06,50.93,50.67,1011198.69,5162378.639,2.7972,0.51,2026-02-04
20260205,50.11,50.3,47.78,48.18,50.93,988449.16,4819013.554,2.7342,-5.4,2026-02-05
20260206,46.87,50.64,46.56,49.97,48.18,1145299.39,5621205.414,3.1681,3.72,2026-02-06
20260209,51.46,53.53,51.36,52.74,49.97,1715004.62,9059152.16,4.744,5.54,2026-02-09
20260210,52.72,53.83,52.21,53.47,52.74,1225054.78,6528950.894,3.3887,1.38,2026-02-10
20260211,53.24,58.2,53.08,56.15,53.47,2232906.5,12569566.827,6.1767,5.01,2026-02-11
20260212,56.15,57.84,55.73,57.24,56.15,1492159.34,8531966.009,4.1276,1.94,2026-02-12
20260213,56.84,56.94,54.53,54.59,57.24,1215368.16,6733936.948,3.362,-4.63,2026-02-13
20260224,55.85,56.23,54.25,54.79,54.59,1005925.88,5540511.475,2.7826,0.37,2026-02-24
20260225,54.99,60.26,54.95,60.26,54.79,2791972.96,16548383.074,7.7232,9.98,2026-02-25
20260226,60.19,60.19,58.67,58.94,60.26,1865041.81,11075844.499,5.1591,-2.19,2026-02-26
20260227,58.97,62.62,58.97,62.23,58.94,2176510.4,13376106.324,6.0207,5.58,2026-02-27
20260302,63.38,63.39,59.5,61.57,62.23,2052446.79,12602433.496,5.6775,-1.06,2026-03-02
20260303,61.21,61.33,55.42,55.47,61.57,2201312.18,12640787.204,6.0893,-9.91,2026-03-03
20260304,53.64,57.77,53.51,55.85,55.47,1422530.18,8016206.436,3.935,0.69,2026-03-04
20260305,56.53,56.72,54.45,55.23,55.85,993404.4,5523243.741,2.748,-1.11,2026-03-05
20260306,54.45,55.43,53.65,54.15,55.23,891205.97,4852757.587,2.4653,-1.96,2026-03-06
20260309,52.95,54.17,51.53,53.73,54.15,1024851.85,5439987.12,2.8349,-0.78,2026-03-09
20260310,54.35,54.98,53.55,53.82,53.73,878716.21,4759620.226,2.4307,0.17,2026-03-10
20260311,53.23,53.64,52.06,52.24,53.82,948357.86,4999068.559,2.6233,-2.94,2026-03-11
20260312,52.06,52.47,50.88,51.55,52.24,836316.63,4326291.541,2.3134,-1.32,2026-03-12
20260313,50.98,52.01,50.44,50.68,51.55,714043.43,3661121.322,1.9752,-1.69,2026-03-13
20260316,50.66,51.0,48.67,49.46,50.68,900234.67,4466739.443,2.4902,-2.41,2026-03-16
20260317,49.75,50.25,48.78,48.86,49.46,711898.79,3534627.794,1.9693,-1.21,2026-03-17
20260318,49.18,49.19,47.57,48.87,48.86,829768.28,4020176.085,2.2953,0.02,2026-03-18
20260319,47.97,48.07,46.23,46.49,48.87,959198.28,4525251.81,2.6533,-4.87,2026-03-19
20260320,46.87,47.12,45.77,45.87,46.49,681968.46,3172332.208,1.8865,-1.33,2026-03-20
20260323,44.98,46.37,44.08,45.1,45.87,1010809.52,4602094.081,2.7961,-1.68,2026-03-23
20260324,45.87,46.07,43.9,45.41,45.1,837741.33,3765458.113,2.3174,0.69,2026-03-24
20260325,45.97,47.69,45.96,47.69,45.41,1151894.22,5436562.647,3.1864,5.02,2026-03-25
20260326,47.22,47.22,46.01,46.08,47.69,694081.15,3236783.277,1.92,-3.38,2026-03-26
20260327,45.14,47.57,45.1,47.14,46.08,776147.42,3656209.294,2.147,2.3,2026-03-27
20260330,46.47,47.07,46.02,46.98,47.14,537798.24,2510459.075,1.4877,-0.34,2026-03-30
20260331,46.98,47.95,46.89,47.55,46.98,722618.26,3441647.561,1.9989,1.21,2026-03-31
20260401,48.36,48.65,47.66,48.35,47.55,670189.4,3236903.653,1.8539,1.68,2026-04-01
20260402,47.87,48.35,47.12,47.45,48.35,447006.19,2132383.396,1.2365,-1.86,2026-04-02
20260403,47.45,48.23,47.22,47.48,47.45,422848.25,2022545.101,1.1697,0.06,2026-04-03
20260407,47.49,49.84,47.24,49.75,47.48,935796.65,4592702.521,2.5886,4.78,2026-04-07
20260408,50.67,51.67,50.38,51.56,49.75,1045856.09,5359890.935,2.893,3.64,2026-04-08
20260409,50.86,52.9,50.76,51.66,51.56,952561.89,4967081.807,2.635,0.19,2026-04-09
20260410,52.64,52.65,51.46,51.61,51.66,826796.48,4303471.754,2.2871,-0.1,2026-04-10
20260413,52.9,53.2,51.75,52.2,51.61,1048659.38,5506576.971,2.9008,1.14,2026-04-13
20260414,52.2,52.2,49.48,50.4,52.2,1386276.72,6982306.497,3.8347,-3.45,2026-04-14
20260415,50.43,51.24,49.12,49.26,50.4,1054617.92,5304499.956,2.9173,-2.26,2026-04-15
20260416,49.45,49.84,48.98,49.25,49.26,1200724.85,5946342.64,3.3214,-0.02,2026-04-16
20260417,48.86,50.06,48.76,49.08,49.25,1048930.48,5188887.323,2.9016,-0.35,2026-04-17
20260420,49.16,50.76,48.6,50.75,49.08,1339649.25,6728754.565,3.7057,3.4,2026-04-20
20260421,50.85,51.41,50.23,50.46,50.75,951763.02,4834920.415,2.6328,-0.57,2026-04-21
20260422,50.06,50.12,49.35,50.01,50.46,778931.39,3887294.972,2.1547,-0.89,2026-04-22
20260423,49.46,49.56,46.88,47.03,50.01,1614873.97,7734218.126,4.4671,-5.96,2026-04-23
20260424,46.87,47.33,46.29,47.11,47.03,689706.29,3234124.818,1.9079,0.17,2026-04-24
20260427,46.88,46.98,46.37,46.7,47.11,448196.73,2099171.2,1.2398,-0.87,2026-04-27
20260428,46.77,47.07,46.15,46.19,46.7,481496.07,2242487.298,1.3319,-1.09,2026-04-28
20260429,47.37,50.81,47.36,50.81,46.19,1871937.83,9352752.885,5.1782,10.0,2026-04-29
20260430,51.74,53.2,51.22,52.89,50.81,2713210.21,14301953.714,7.5053,4.09,2026-04-30
20260506,52.97,55.4,52.37,55.37,52.89,2389147.49,13019310.209,6.6089,4.69,2026-05-06
20260507,55.38,56.32,54.43,55.16,55.37,1800985.74,9953160.58,4.9819,-0.38,2026-05-07
20260508,54.65,55.2,53.74,54.6,55.16,1414804.85,7708741.272,3.9136,-1.02,2026-05-08
20260511,54.76,57.8,54.61,57.69,54.6,2333614.32,13267923.822,6.4552,5.66,2026-05-11
20260512,57.74,57.79,53.88,54.29,57.69,2288696.62,12644459.78,6.331,-5.89,2026-05-12
20260513,53.85,56.16,53.84,56.0,54.29,1676770.39,9310823.532,4.6383,3.15,2026-05-13
20260514,56.01,56.02,53.11,53.12,56.0,1505636.68,8166609.077,4.1649,-5.14,2026-05-14
20260515,53.15,55.73,52.28,53.63,53.12,1612019.44,8712078.133,4.4592,0.96,2026-05-15
20260518,52.45,52.73,51.1,51.56,53.63,1227349.68,6385955.564,3.3951,-3.86,2026-05-18
20260519,51.06,51.44,49.36,50.11,51.56,1103150.17,5522968.536,3.0515,-2.81,2026-05-19
20260520,49.86,52.54,49.13,51.75,50.11,1465977.83,7475752.01,4.0552,3.27,2026-05-20
20260521,51.75,53.1,50.56,50.58,51.75,1327248.1,6902613.412,3.6714,-2.26,2026-05-21
20260522,50.57,51.35,50.29,50.95,50.58,826463.13,4214574.03,2.2862,0.73,2026-05-22
20260525,51.51,51.51,49.95,50.97,50.95,1026920.65,5206265.204,2.8407,0.04,2026-05-25
20260526,50.36,50.81,49.36,50.65,50.97,941972.33,4731702.652,2.6057,-0.63,2026-05-26
20260527,50.54,50.81,48.27,48.41,50.65,1132999.61,5585090.519,3.1341,-4.42,2026-05-27
20260528,48.17,50.97,47.87,50.84,48.41,1377713.2,6883633.226,3.811,5.02,2026-05-28
20260529,50.2,50.37,48.17,48.49,50.84,1092663.32,5368840.439,3.0225,-4.62,2026-05-29
20260601,47.87,48.82,47.64,47.73,48.49,688120.72,3315973.183,1.9035,-1.57,2026-06-01
20260602,47.74,48.65,46.68,48.44,47.73,777657.97,3726592.817,2.1512,1.49,2026-06-02
20260603,48.02,50.36,47.75,49.68,48.44,1216802.84,6060803.742,3.3659,2.56,2026-06-03
20260604,48.86,50.84,48.24,49.52,49.68,1039753.2,5142715.991,2.8762,-0.32,2026-06-04
20260605,49.22,50.71,48.94,49.52,49.52,1026533.76,5145339.798,2.8396,0.0,2026-06-05
20260608,47.82,48.72,46.44,46.85,49.52,1004640.59,4781059.129,2.779,-5.39,2026-06-08
20260609,47.05,48.54,46.38,48.41,46.85,970708.46,4640587.085,2.6852,3.33,2026-06-09
20260610,47.67,49.06,46.88,46.98,48.41,809107.94,3869651.443,2.2382,-2.95,2026-06-10
20260611,46.68,47.94,46.26,47.52,46.98,706563.09,3340800.702,1.9545,1.15,2026-06-11
20260612,48.2,51.17,47.98,49.43,47.52,1524409.26,7537641.2,4.2168,4.02,2026-06-12
20260615,50.45,50.5,49.32,50.47,49.43,1395567.28,6968584.427,3.8604,2.1,2026-06-15
20260616,50.0,53.18,49.8,51.98,50.47,1928815.77,10036808.223,5.3355,2.99,2026-06-16
20260617,51.2,51.2,50.01,50.32,51.98,1291961.46,6520927.839,3.5738,-3.19,2026-06-17
20260618,50.0,53.28,49.8,51.4,50.32,1807190.51,9366614.587,4.9991,2.15,2026-06-18
20260622,52.0,54.15,51.39,54.15,51.4,2463859.6,13073459.531,6.8155,5.35,2026-06-22
20260623,53.61,53.61,49.08,49.95,54.15,2273584.33,11629944.973,6.2892,-7.76,2026-06-23
20260624,49.07,50.12,48.03,49.23,49.95,1258116.42,6162476.719,3.4802,-1.44,2026-06-24
20260625,49.3,50.28,48.18,49.2,49.23,1121099.48,5546521.478,3.1012,-0.06,2026-06-25
20260626,48.89,48.89,47.08,47.26,49.2,1048739.56,5013472.995,2.901,-3.94,2026-06-26
20260629,47.0,47.7,46.75,47.62,47.26,797881.09,3767167.589,2.2071,0.76,2026-06-29
20260630,47.39,48.1,46.7,48.05,47.62,813043.02,3858950.543,2.249,0.9,2026-06-30
20260701,48.01,48.04,47.06,47.46,48.05,737660.98,3503369.549,2.0405,-1.23,2026-07-01
20260702,47.07,48.84,46.8,48.2,47.46,965405.47,4636665.646,2.6705,1.56,2026-07-02
20260703,48.4,49.08,47.7,48.57,48.2,879237.68,4265055.134,2.4321,0.77,2026-07-03
20260706,48.66,48.77,47.1,47.31,48.57,730276.52,3483263.056,2.0201,-2.59,2026-07-06
20260707,47.0,47.68,46.8,47.45,47.31,492375.51,2321217.459,1.362,0.3,2026-07-07
20260708,47.25,47.27,46.0,46.02,47.45,539396.59,2514740.472,1.4921,-3.01,2026-07-08
20260709,45.5,45.98,41.42,42.98,46.02,1623790.78,6975361.852,4.4917,-6.61,2026-07-09
20260710,42.17,43.3,40.51,42.51,42.98,976689.95,4130830.851,2.7017,-1.09,2026-07-10
20260713,42.0,42.01,38.93,38.98,42.51,1037537.41,4142766.793,2.87,-8.3,2026-07-13
20260714,38.26,39.85,38.1,39.83,38.98,809938.8,3175290.308,2.2405,2.18,2026-07-14
20260715,40.4,40.66,39.54,39.56,39.83,571686.81,2285845.855,1.5814,-0.68,2026-07-15
20260716,39.1,39.58,38.66,38.87,39.56,455759.89,1780379.517,1.2607,-1.74,2026-07-16
20260717,38.7,38.79,37.17,37.45,38.87,665342.42,2523762.543,1.8405,-3.65,2026-07-17
20260720,37.85,38.18,36.69,37.58,37.45,675941.93,2537501.896,1.8698,0.35,2026-07-20
20260721,38.2,39.46,37.65,39.36,37.58,894589.5,3452370.871,2.4746,4.74,2026-07-21
20260722,38.98,39.6,38.7,39.12,39.36,648763.79,2538451.814,1.7946,-0.61,2026-07-22
20260723,39.12,40.48,38.8,40.27,39.12,728297.19,2902933.739,2.0146,2.94,2026-07-23
20260724,39.7,39.7,38.93,39.03,40.27,511393.4,2006828.874,1.4146,-3.08,2026-07-24
20260727,39.76,39.76,39.01,39.48,39.03,380635.04,1497351.627,1.0529,1.15,2026-07-27
20260728,39.0,39.26,38.5,38.99,39.48,393486.37,1526363.52,1.0885,-1.24,2026-07-28
20260729,39.16,39.59,38.11,39.35,38.99,457696.05,1784015.528,1.2661,0.92,2026-07-29
20260730,39.13,39.49,38.6,39.15,39.35,371922.3,1451088.549,1.0288,-0.51,2026-07-30
20260731,39.45,40.22,39.45,39.7,39.15,563718.99,2246445.863,1.5594,1.4,2026-07-31
20260803,39.71,40.2,39.27,40.03,39.7,429193.38,1712774.213,1.1872,0.83,2026-08-03
20260804,40.11,40.59,39.9,40.47,40.03,472479.49,1903231.896,1.307,1.1,2026-08-04
20260805,41.6,42.0,41.2,41.77,40.47,952342.7,3969966.991,2.6344,3.21,2026-08-05
20260806,42.14,43.2,41.5,41.91,41.77,1056869.96,4468914.7,2.9235,0.34,2026-08-06
20260807,41.2,45.1,41.18,44.06,41.91,1402255.15,6131439.617,3.8789,5.13,2026-08-07
20260810,44.08,44.19,42.89,43.67,44.06,923119.14,4022755.435,2.5535,-0.89,2026-08-10
20260811,43.18,43.18,41.81,41.85,43.67,890111.88,3779346.579,2.4622,-4.17,2026-08-11
20260812,41.7,42.33,41.55,42.03,41.85,487213.29,2047228.274,1.3477,0.43,2026-08-12
20260813,42.01,42.12,41.02,41.02,42.03,567116.43,2356113.227,1.5688,-2.4,2026-08-13
20260814,41.02,42.98,41.02,42.66,41.02,1059421.12,4480326.412,2.9306,4.0,2026-08-14
20260817,42.66,42.81,41.66,42.78,42.66,640838.83,2710236.804,1.7727,0.28,2026-08-17
20260818,42.4,42.7,41.82,42.06,42.78,479879.45,2022648.693,1.3274,-1.68,2026-08-18
20260819,41.5,41.51,40.65,41.07,42.06,518845.37,2128189.816,1.4352,-2.35,2026-08-19
20260820,41.4,41.68,39.65,39.78,41.07,623776.57,2528186.366,1.7255,-3.14,2026-08-20
20260821,39.28,40.28,39.11,40.17,39.78,418379.92,1665709.129,1.1573,0.98,2026-08-21
20260824,40.73,41.38,40.15,40.42,40.17,533275.22,2173748.71,1.4751,0.62,2026-08-24
20260825,40.0,40.84,39.51,39.85,40.42,383304.22,1531977.636,1.0603,-1.41,2026-08-25
20260826,39.9,40.48,39.61,40.07,39.85,373602.31,1500311.234,1.0335,0.55,2026-08-26
20260827,39.93,41.02,39.87,40.91,40.07,561732.58,2281942.393,1.5539,2.1,2026-08-27
20260828,40.91,40.96,40.39,40.62,40.91,402503.15,1634576.703,1.1134,-0.71,2026-08-28
20260831,40.0,40.65,39.74,40.62,40.62,391869.8,1574278.192,1.084,0.0,2026-08-31
20260901,40.45,40.96,40.1,40.17,40.62,302916.45,1221733.155,0.8379,-1.11,2026-09-01
20260902,39.84,39.84,38.87,39.09,40.17,383792.58,1503379.577,1.0616,-2.69,2026-09-02
20260903,39.4,39.5,38.88,39.02,39.09,232428.27,908827.801,0.6429,-0.18,2026-09-03
20260904,39.2,39.49,38.53,38.67,39.02,348471.12,1358559.919,0.9639,-0.9,2026-09-04
20260907,38.51,38.9,38.41,38.8,38.67,225498.61,873247.698,0.6238,0.34,2026-09-07
20260908,38.8,39.23,38.7,39.04,38.8,278735.01,1084199.924,0.771,0.62,2026-09-08
20260909,38.9,39.15,38.68,38.9,39.04,257917.0,1002239.676,0.7135,-0.36,2026-09-09
20260910,38.66,38.66,38.1,38.18,38.9,262646.33,1004956.27,0.7265,-1.85,2026-09-10
20260911,37.89,37.9,36.93,37.48,38.18,368847.61,1374087.851,1.0203,-1.83,2026-09-11
20260914,37.48,37.48,36.9,37.12,37.48,217153.6,806730.007,0.6007,-0.96,2026-09-14
20260915,37.1,37.71,37.03,37.33,37.12,273317.95,1021217.045,0.7561,0.57,2026-09-15
20260916,37.15,37.75,36.42,37.49,37.33,386061.02,1434055.906,1.0679,0.43,2026-09-16
20260917,37.05,37.45,36.7,36.73,37.49,309763.21,1143444.541,0.8569,-2.03,2026-09-17
20260918,36.96,37.2,36.71,36.86,36.73,365381.18,1350511.886,1.0107,0.35,2026-09-18
20260921,36.88,37.9,36.88,37.88,36.86,499826.03,1883535.126,1.3826,2.77,2026-09-21
